datetime,team_abbr,vegas_odds,sportsbook,bet_type_id,decimal_odds
2020-12-22,GSW,265,sbro,1,3.65
2020-12-22,BRK,-320,sbro,1,1.3125
2020-12-22,LAC,115,sbro,1,2.15
2020-12-22,LAL,-135,sbro,1,1.7407407407407407
2020-12-23,CHO,-140,sbro,1,1.7142857142857142
2020-12-23,CLE,120,sbro,1,2.2
2020-12-23,NYK,270,sbro,1,3.7
2020-12-23,IND,-330,sbro,1,1.303030303030303
2020-12-23,MIA,-190,sbro,1,1.5263157894736843
2020-12-23,ORL,170,sbro,1,2.7
2020-12-23,WAS,250,sbro,1,3.5
2020-12-23,PHI,-300,sbro,1,1.3333333333333333
2020-12-23,MIL,-190,sbro,1,1.5263157894736843
2020-12-23,BOS,170,sbro,1,2.7
2020-12-23,NOP,150,sbro,1,2.5
2020-12-23,TOR,-170,sbro,1,1.588235294117647
2020-12-23,ATL,-130,sbro,1,1.7692307692307692
2020-12-23,CHI,110,sbro,1,2.1
2020-12-23,SAS,110,sbro,1,2.1
2020-12-23,MEM,-130,sbro,1,1.7692307692307692
2020-12-23,DET,190,sbro,1,2.9
2020-12-23,MIN,-220,sbro,1,1.4545454545454546
2020-12-23,SAC,260,sbro,1,3.6
2020-12-23,DEN,-310,sbro,1,1.3225806451612903
2020-12-23,UTA,-130,sbro,1,1.7692307692307692
2020-12-23,POR,110,sbro,1,2.1
2020-12-23,DAL,100,sbro,1,2.0
2020-12-23,PHO,-120,sbro,1,1.8333333333333333
2020-12-25,NOP,130,sbro,1,2.3
2020-12-25,MIA,-150,sbro,1,1.6666666666666667
2020-12-25,GSW,450,sbro,1,5.5
2020-12-25,MIL,-600,sbro,1,1.1666666666666667
2020-12-25,BRK,-145,sbro,1,1.6896551724137931
2020-12-25,BOS,125,sbro,1,2.25
2020-12-25,DAL,225,sbro,1,3.25
2020-12-25,LAL,-265,sbro,1,1.3773584905660377
2020-12-25,LAC,-160,sbro,1,1.625
2020-12-25,DEN,140,sbro,1,2.4
2020-12-26,ATL,120,sbro,1,2.2
2020-12-26,MEM,-140,sbro,1,1.7142857142857142
2020-12-26,CLE,-110,sbro,1,1.9090909090909092
2020-12-26,DET,-110,sbro,1,1.9090909090909092
2020-12-26,ORL,110,sbro,1,2.1
2020-12-26,WAS,-130,sbro,1,1.7692307692307692
2020-12-26,OKC,125,sbro,1,2.25
2020-12-26,CHO,-145,sbro,1,1.6896551724137931
2020-12-26,PHI,-360,sbro,1,1.2777777777777777
2020-12-26,NYK,300,sbro,1,4.0
2020-12-26,IND,-240,sbro,1,1.4166666666666667
2020-12-26,CHI,200,sbro,1,3.0
2020-12-26,TOR,-145,sbro,1,1.6896551724137931
2020-12-26,SAS,125,sbro,1,2.25
2020-12-26,MIN,375,sbro,1,4.75
2020-12-26,UTA,-450,sbro,1,1.2222222222222223
2020-12-26,PHO,-160,sbro,1,1.625
2020-12-26,SAC,140,sbro,1,2.4
2020-12-26,HOU,300,sbro,1,4.0
2020-12-26,POR,-360,sbro,1,1.2777777777777777
2020-12-27,DAL,140,sbro,1,2.4
2020-12-27,LAC,-160,sbro,1,1.625
2020-12-27,SAS,170,sbro,1,2.7
2020-12-27,NOP,-190,sbro,1,1.5263157894736843
2020-12-27,ORL,-130,sbro,1,1.7692307692307692
2020-12-27,WAS,110,sbro,1,2.1
2020-12-27,BRK,-600,sbro,1,1.1666666666666667
2020-12-27,CHO,450,sbro,1,5.5
2020-12-27,PHI,-240,sbro,1,1.4166666666666667
2020-12-27,CLE,200,sbro,1,3.0
2020-12-27,MIL,-1200,sbro,1,1.0833333333333333
2020-12-27,NYK,750,sbro,1,8.5
2020-12-27,BOS,-135,sbro,1,1.7407407407407407
2020-12-27,IND,115,sbro,1,2.15
2020-12-27,GSW,-165,sbro,1,1.606060606060606
2020-12-27,CHI,145,sbro,1,2.45
2020-12-27,PHO,-160,sbro,1,1.625
2020-12-27,SAC,140,sbro,1,2.4
2020-12-28,MIN,400,sbro,1,5.0
2020-12-28,LAL,-500,sbro,1,1.2
2020-12-28,MEM,-125,sbro,1,1.8
2020-12-28,BRK,105,sbro,1,2.05
2020-12-28,DET,400,sbro,1,5.0
2020-12-28,ATL,-500,sbro,1,1.2
2020-12-28,UTA,-400,sbro,1,1.25
2020-12-28,OKC,330,sbro,1,4.3
2020-12-28,HOU,225,sbro,1,3.25
2020-12-28,DEN,-265,sbro,1,1.3773584905660377
2020-12-28,POR,195,sbro,1,2.95
2020-12-28,LAL,-230,sbro,1,1.434782608695652
2020-12-29,BOS,-105,sbro,1,1.9523809523809523
2020-12-29,IND,-115,sbro,1,1.8695652173913044
2020-12-29,CHI,210,sbro,1,3.1
2020-12-29,WAS,-250,sbro,1,1.4
2020-12-29,GSW,-170,sbro,1,1.588235294117647
2020-12-29,DET,150,sbro,1,2.5
2020-12-29,TOR,105,sbro,1,2.05
2020-12-29,PHI,-125,sbro,1,1.8
2020-12-29,NYK,140,sbro,1,2.4
2020-12-29,CLE,-160,sbro,1,1.625
2020-12-29,MIL,-240,sbro,1,1.4166666666666667
2020-12-29,MIA,200,sbro,1,3.0
2020-12-29,ORL,-250,sbro,1,1.4
2020-12-29,OKC,210,sbro,1,3.1
2020-12-29,MIN,475,sbro,1,5.75
2020-12-29,LAC,-650,sbro,1,1.1538461538461537
2020-12-29,NOP,105,sbro,1,2.05
2020-12-29,PHO,-125,sbro,1,1.8
2020-12-29,DEN,-110,sbro,1,1.9090909090909092
2020-12-29,SAC,-110,sbro,1,1.9090909090909092
2020-12-30,MEM,245,sbro,1,3.45
2020-12-30,BOS,-285,sbro,1,1.3508771929824561
2020-12-30,MIL,-260,sbro,1,1.3846153846153846
2020-12-30,MIA,220,sbro,1,3.2
2020-12-30,ATL,195,sbro,1,2.95
2020-12-30,BRK,-230,sbro,1,1.434782608695652
2020-12-30,CHO,300,sbro,1,4.0
2020-12-30,DAL,-360,sbro,1,1.2777777777777777
2020-12-30,LAL,-310,sbro,1,1.3225806451612903
2020-12-30,SAS,260,sbro,1,3.6
2020-12-30,POR,190,sbro,1,2.9
2020-12-30,LAC,-220,sbro,1,1.4545454545454546
2020-12-31,CLE,270,sbro,1,3.7
2020-12-31,IND,-330,sbro,1,1.303030303030303
2020-12-31,CHI,250,sbro,1,3.5
2020-12-31,WAS,-300,sbro,1,1.3333333333333333
2020-12-31,PHI,-175,sbro,1,1.5714285714285714
2020-12-31,ORL,155,sbro,1,2.55
2020-12-31,SAC,180,sbro,1,2.8
2020-12-31,HOU,-210,sbro,1,1.4761904761904763
2020-12-31,NYK,300,sbro,1,4.0
2020-12-31,TOR,-360,sbro,1,1.2777777777777777
2020-12-31,NOP,-200,sbro,1,1.5
2020-12-31,OKC,175,sbro,1,2.75
2020-12-31,PHO,150,sbro,1,2.5
2020-12-31,UTA,-170,sbro,1,1.588235294117647
2021-01-01,BOS,-370,sbro,1,1.2702702702702702
2021-01-01,DET,310,sbro,1,4.1
2021-01-01,MIA,-115,sbro,1,1.8695652173913044
2021-01-01,DAL,-105,sbro,1,1.9523809523809523
2021-01-01,MEM,160,sbro,1,2.6
2021-01-01,CHO,-180,sbro,1,1.5555555555555556
2021-01-01,ATL,210,sbro,1,3.1
2021-01-01,BRK,-250,sbro,1,1.4
2021-01-01,WAS,-110,sbro,1,1.9090909090909092
2021-01-01,MIN,-110,sbro,1,1.9090909090909092
2021-01-01,LAL,-340,sbro,1,1.2941176470588236
2021-01-01,SAS,280,sbro,1,3.8
2021-01-01,CHI,850,sbro,1,9.5
2021-01-01,MIL,-1500,sbro,1,1.0666666666666667
2021-01-01,PHO,140,sbro,1,2.4
2021-01-01,DEN,-160,sbro,1,1.625
2021-01-01,LAC,-160,sbro,1,1.625
2021-01-01,UTA,140,sbro,1,2.4
2021-01-01,POR,-150,sbro,1,1.6666666666666667
2021-01-01,GSW,130,sbro,1,2.3
2021-01-02,SAC,-130,sbro,1,1.7692307692307692
2021-01-02,HOU,110,sbro,1,2.1
2021-01-02,CHO,400,sbro,1,5.0
2021-01-02,PHI,-500,sbro,1,1.2
2021-01-02,OKC,155,sbro,1,2.55
2021-01-02,ORL,-175,sbro,1,1.5714285714285714
2021-01-02,NYK,375,sbro,1,4.75
2021-01-02,IND,-450,sbro,1,1.2222222222222223
2021-01-02,TOR,-115,sbro,1,1.8695652173913044
2021-01-02,NOP,-105,sbro,1,1.9523809523809523
2021-01-02,CLE,200,sbro,1,3.0
2021-01-02,ATL,-240,sbro,1,1.4166666666666667
2021-01-03,BOS,-360,sbro,1,1.2777777777777777
2021-01-03,DET,300,sbro,1,4.0
2021-01-03,WAS,270,sbro,1,3.7
2021-01-03,BRK,-330,sbro,1,1.303030303030303
2021-01-03,LAL,-500,sbro,1,1.2
2021-01-03,MEM,400,sbro,1,5.0
2021-01-03,UTA,-220,sbro,1,1.4545454545454546
2021-01-03,SAS,190,sbro,1,2.9
2021-01-03,DEN,-360,sbro,1,1.2777777777777777
2021-01-03,MIN,300,sbro,1,4.0
2021-01-03,LAC,-150,sbro,1,1.6666666666666667
2021-01-03,PHO,130,sbro,1,2.3
2021-01-03,DAL,-170,sbro,1,1.588235294117647
2021-01-03,CHI,150,sbro,1,2.5
2021-01-03,POR,-190,sbro,1,1.5263157894736843
2021-01-03,GSW,170,sbro,1,2.7
2021-01-04,CHO,290,sbro,1,3.9
2021-01-04,PHI,-350,sbro,1,1.2857142857142858
2021-01-04,CLE,190,sbro,1,2.9
2021-01-04,ORL,-220,sbro,1,1.4545454545454546
2021-01-04,OKC,350,sbro,1,4.5
2021-01-04,MIA,-420,sbro,1,1.2380952380952381
2021-01-04,NYK,250,sbro,1,3.5
2021-01-04,ATL,-300,sbro,1,1.3333333333333333
2021-01-04,BOS,200,sbro,1,3.0
2021-01-04,TOR,-240,sbro,1,1.4166666666666667
2021-01-04,DAL,150,sbro,1,2.5
2021-01-04,HOU,-170,sbro,1,1.588235294117647
2021-01-04,IND,105,sbro,1,2.05
2021-01-04,NOP,-125,sbro,1,1.8
2021-01-04,DET,1100,sbro,1,12.0
2021-01-04,MIL,-2500,sbro,1,1.04
2021-01-04,SAC,-125,sbro,1,1.8
2021-01-04,GSW,105,sbro,1,2.05
2021-01-05,UTA,-180,sbro,1,1.5555555555555556
2021-01-05,BRK,160,sbro,1,2.6
2021-01-05,LAL,-460,sbro,1,1.2173913043478262
2021-01-05,MEM,380,sbro,1,4.8
2021-01-05,MIN,475,sbro,1,5.75
2021-01-05,DEN,-650,sbro,1,1.1538461538461537
2021-01-05,SAS,260,sbro,1,3.6
2021-01-05,LAC,-310,sbro,1,1.3225806451612903
2021-01-05,CHI,375,sbro,1,4.75
2021-01-05,POR,-450,sbro,1,1.2222222222222223
2021-01-06,HOU,125,sbro,1,2.25
2021-01-06,IND,-145,sbro,1,1.6896551724137931
2021-01-06,WAS,220,sbro,1,3.2
2021-01-06,PHI,-260,sbro,1,1.3846153846153846
2021-01-06,CLE,180,sbro,1,2.8
2021-01-06,ORL,-210,sbro,1,1.4761904761904763
2021-01-06,BOS,120,sbro,1,2.2
2021-01-06,MIA,-140,sbro,1,1.7142857142857142
2021-01-06,CHO,210,sbro,1,3.1
2021-01-06,ATL,-250,sbro,1,1.4
2021-01-06,UTA,-310,sbro,1,1.3225806451612903
2021-01-06,NYK,260,sbro,1,3.6
2021-01-06,OKC,270,sbro,1,3.7
2021-01-06,NOP,-330,sbro,1,1.303030303030303
2021-01-06,DET,650,sbro,1,7.5
2021-01-06,MIL,-1000,sbro,1,1.1
2021-01-06,TOR,130,sbro,1,2.3
2021-01-06,PHO,-150,sbro,1,1.6666666666666667
2021-01-06,CHI,250,sbro,1,3.5
2021-01-06,SAC,-300,sbro,1,1.3333333333333333
2021-01-06,LAC,-210,sbro,1,1.4761904761904763
2021-01-06,GSW,180,sbro,1,2.8
2021-01-07,PHI,-180,sbro,1,1.5555555555555556
2021-01-07,BRK,160,sbro,1,2.6
2021-01-07,CLE,200,sbro,1,3.0
2021-01-07,MEM,-240,sbro,1,1.4166666666666667
2021-01-07,MIN,400,sbro,1,5.0
2021-01-07,POR,-500,sbro,1,1.2
2021-01-07,DAL,125,sbro,1,2.25
2021-01-07,DEN,-145,sbro,1,1.6896551724137931
2021-01-07,SAS,330,sbro,1,4.3
2021-01-07,LAL,-400,sbro,1,1.25
2021-01-08,PHO,-330,sbro,1,1.303030303030303
2021-01-08,DET,270,sbro,1,3.7
2021-01-08,CHO,230,sbro,1,3.3
2021-01-08,NOP,-270,sbro,1,1.3703703703703705
2021-01-08,WAS,155,sbro,1,2.55
2021-01-08,BOS,-175,sbro,1,1.5714285714285714
2021-01-08,OKC,130,sbro,1,2.3
2021-01-08,NYK,-150,sbro,1,1.6666666666666667
2021-01-08,UTA,200,sbro,1,3.0
2021-01-08,MIL,-240,sbro,1,1.4166666666666667
2021-01-08,ORL,240,sbro,1,3.4
2021-01-08,HOU,-280,sbro,1,1.3571428571428572
2021-01-08,BRK,-110,sbro,1,1.9090909090909092
2021-01-08,MEM,-110,sbro,1,1.9090909090909092
2021-01-08,TOR,-120,sbro,1,1.8333333333333333
2021-01-08,SAC,100,sbro,1,2.0
2021-01-08,LAC,-250,sbro,1,1.4
2021-01-08,GSW,210,sbro,1,3.1
2021-01-08,CHI,350,sbro,1,4.5
2021-01-08,LAL,-420,sbro,1,1.2380952380952381
2021-01-09,DEN,-1100,sbro,1,1.0909090909090908
2021-01-09,PHI,700,sbro,1,8.0
2021-01-09,MIA,-700,sbro,1,1.1428571428571428
2021-01-09,WAS,500,sbro,1,6.0
2021-01-09,ATL,-200,sbro,1,1.5
2021-01-09,CHO,175,sbro,1,2.75
2021-01-09,PHO,130,sbro,1,2.3
2021-01-09,IND,-150,sbro,1,1.6666666666666667
2021-01-09,SAS,-160,sbro,1,1.625
2021-01-09,MIN,140,sbro,1,2.4
2021-01-09,CLE,350,sbro,1,4.5
2021-01-09,MIL,-420,sbro,1,1.2380952380952381
2021-01-09,ORL,220,sbro,1,3.2
2021-01-09,DAL,-260,sbro,1,1.3846153846153846
2021-01-09,POR,-210,sbro,1,1.4761904761904763
2021-01-09,SAC,180,sbro,1,2.8
2021-01-10,UTA,-400,sbro,1,1.25
2021-01-10,DET,330,sbro,1,4.3
2021-01-10,CHI,650,sbro,1,7.5
2021-01-10,LAC,-1000,sbro,1,1.1
2021-01-10,OKC,290,sbro,1,3.9
2021-01-10,BRK,-350,sbro,1,1.2857142857142858
2021-01-10,DEN,-220,sbro,1,1.4545454545454546
2021-01-10,NYK,190,sbro,1,2.9
2021-01-10,LAL,-180,sbro,1,1.5555555555555556
2021-01-10,HOU,160,sbro,1,2.6
2021-01-10,SAS,-185,sbro,1,1.5405405405405406
2021-01-10,MIN,165,sbro,1,2.65
2021-01-10,TOR,-150,sbro,1,1.6666666666666667
2021-01-10,GSW,130,sbro,1,2.3
2021-01-11,MEM,-135,sbro,1,1.7407407407407407
2021-01-11,CLE,115,sbro,1,2.15
2021-01-11,PHO,-250,sbro,1,1.4
2021-01-11,WAS,210,sbro,1,3.1
2021-01-11,MIL,-500,sbro,1,1.2
2021-01-11,ORL,400,sbro,1,5.0
2021-01-11,NYK,170,sbro,1,2.7
2021-01-11,CHO,-190,sbro,1,1.5263157894736843
2021-01-11,PHI,200,sbro,1,3.0
2021-01-11,ATL,-240,sbro,1,1.4166666666666667
2021-01-11,TOR,175,sbro,1,2.75
2021-01-11,POR,-200,sbro,1,1.5
2021-01-11,IND,-170,sbro,1,1.588235294117647
2021-01-11,SAC,150,sbro,1,2.5
2021-01-12,MIA,320,sbro,1,4.2
2021-01-12,PHI,-380,sbro,1,1.263157894736842
2021-01-12,UTA,-1000,sbro,1,1.1
2021-01-12,CLE,650,sbro,1,7.5
2021-01-12,DEN,110,sbro,1,2.1
2021-01-12,BRK,-130,sbro,1,1.7692307692307692
2021-01-12,SAS,-135,sbro,1,1.7407407407407407
2021-01-12,OKC,115,sbro,1,2.15
2021-01-12,LAL,-170,sbro,1,1.588235294117647
2021-01-12,HOU,150,sbro,1,2.5
2021-01-12,IND,135,sbro,1,2.35
2021-01-12,GSW,-155,sbro,1,1.6451612903225807
2021-01-13,MIL,-600,sbro,1,1.1666666666666667
2021-01-13,DET,450,sbro,1,5.5
2021-01-13,DAL,-150,sbro,1,1.6666666666666667
2021-01-13,CHO,130,sbro,1,2.3
2021-01-13,BRK,-145,sbro,1,1.6896551724137931
2021-01-13,NYK,125,sbro,1,2.25
2021-01-13,LAL,-600,sbro,1,1.1666666666666667
2021-01-13,OKC,450,sbro,1,5.5
2021-01-13,MEM,125,sbro,1,2.25
2021-01-13,MIN,-145,sbro,1,1.6896551724137931
2021-01-13,POR,-200,sbro,1,1.5
2021-01-13,SAC,175,sbro,1,2.75
2021-01-13,NOP,475,sbro,1,5.75
2021-01-13,LAC,-650,sbro,1,1.1538461538461537
2021-01-14,MIA,300,sbro,1,4.0
2021-01-14,PHI,-360,sbro,1,1.2777777777777777
2021-01-14,CHO,425,sbro,1,5.25
2021-01-14,TOR,-550,sbro,1,1.1818181818181819
2021-01-14,HOU,250,sbro,1,3.5
2021-01-14,SAS,-300,sbro,1,1.3333333333333333
2021-01-14,GSW,170,sbro,1,2.7
2021-01-14,DEN,-190,sbro,1,1.5263157894736843
2021-01-14,IND,120,sbro,1,2.2
2021-01-14,POR,-140,sbro,1,1.7142857142857142
2021-01-15,NYK,-140,sbro,1,1.7142857142857142
2021-01-15,CLE,120,sbro,1,2.2
2021-01-15,ORL,160,sbro,1,2.6
2021-01-15,BOS,-180,sbro,1,1.5555555555555556
2021-01-15,DAL,260,sbro,1,3.6
2021-01-15,MIL,-310,sbro,1,1.3225806451612903
2021-01-15,CHI,-130,sbro,1,1.7692307692307692
2021-01-15,OKC,110,sbro,1,2.1
2021-01-15,ATL,200,sbro,1,3.0
2021-01-15,UTA,-240,sbro,1,1.4166666666666667
2021-01-15,NOP,350,sbro,1,4.5
2021-01-15,LAL,-420,sbro,1,1.2380952380952381
2021-01-15,LAC,-300,sbro,1,1.3333333333333333
2021-01-15,SAC,250,sbro,1,3.5
2021-01-16,HOU,260,sbro,1,3.6
2021-01-16,SAS,-310,sbro,1,1.3225806451612903
2021-01-16,ORL,375,sbro,1,4.75
2021-01-16,BRK,-450,sbro,1,1.2222222222222223
2021-01-16,CHO,230,sbro,1,3.3
2021-01-16,TOR,-270,sbro,1,1.3703703703703705
2021-01-16,PHI,110,sbro,1,2.1
2021-01-16,MEM,-130,sbro,1,1.7692307692307692
2021-01-16,DET,195,sbro,1,2.95
2021-01-16,MIA,-230,sbro,1,1.434782608695652
2021-01-16,ATL,170,sbro,1,2.7
2021-01-16,POR,-190,sbro,1,1.5263157894736843
2021-01-17,NYK,260,sbro,1,3.6
2021-01-17,BOS,-310,sbro,1,1.3225806451612903
2021-01-17,CHI,225,sbro,1,3.25
2021-01-17,DAL,-265,sbro,1,1.3773584905660377
2021-01-17,UTA,-130,sbro,1,1.7692307692307692
2021-01-17,DEN,110,sbro,1,2.1
2021-01-17,NOP,-145,sbro,1,1.6896551724137931
2021-01-17,SAC,125,sbro,1,2.25
2021-01-17,IND,300,sbro,1,4.0
2021-01-17,LAC,-360,sbro,1,1.2777777777777777
2021-01-18,ORL,-130,sbro,1,1.7692307692307692
2021-01-18,NYK,110,sbro,1,2.1
2021-01-18,MIN,250,sbro,1,3.5
2021-01-18,ATL,-300,sbro,1,1.3333333333333333
2021-01-18,SAS,-125,sbro,1,1.8
2021-01-18,POR,105,sbro,1,2.05
2021-01-18,DET,210,sbro,1,3.1
2021-01-18,MIA,-250,sbro,1,1.4
2021-01-18,PHO,-200,sbro,1,1.5
2021-01-18,MEM,175,sbro,1,2.75
2021-01-18,DAL,135,sbro,1,2.35
2021-01-18,TOR,-155,sbro,1,1.6451612903225807
2021-01-18,MIL,-175,sbro,1,1.5714285714285714
2021-01-18,BRK,155,sbro,1,2.55
2021-01-18,HOU,-130,sbro,1,1.7692307692307692
2021-01-18,CHI,110,sbro,1,2.1
2021-01-18,GSW,375,sbro,1,4.75
2021-01-18,LAL,-450,sbro,1,1.2222222222222223
2021-01-19,OKC,400,sbro,1,5.0
2021-01-19,DEN,-500,sbro,1,1.2
2021-01-19,NOP,210,sbro,1,3.1
2021-01-19,UTA,-250,sbro,1,1.4
2021-01-20,BOS,175,sbro,1,2.75
2021-01-20,PHI,-200,sbro,1,1.5
2021-01-20,BRK,-600,sbro,1,1.1666666666666667
2021-01-20,CLE,450,sbro,1,5.5
2021-01-20,DAL,-140,sbro,1,1.7142857142857142
2021-01-20,IND,120,sbro,1,2.2
2021-01-20,DET,170,sbro,1,2.7
2021-01-20,ATL,-190,sbro,1,1.5263157894736843
2021-01-20,MIA,155,sbro,1,2.55
2021-01-20,TOR,-175,sbro,1,1.5714285714285714
2021-01-20,ORL,-180,sbro,1,1.5555555555555556
2021-01-20,MIN,160,sbro,1,2.6
2021-01-20,PHO,-220,sbro,1,1.4545454545454546
2021-01-20,HOU,190,sbro,1,2.9
2021-01-20,SAC,475,sbro,1,5.75
2021-01-20,LAC,-650,sbro,1,1.1538461538461537
2021-01-20,SAS,100,sbro,1,2.0
2021-01-20,GSW,-120,sbro,1,1.8333333333333333
2021-01-21,LAL,100,sbro,1,2.0
2021-01-21,MIL,-120,sbro,1,1.8333333333333333
2021-01-21,NYK,180,sbro,1,2.8
2021-01-21,GSW,-210,sbro,1,1.4761904761904763
2021-01-21,NOP,240,sbro,1,3.4
2021-01-21,UTA,-280,sbro,1,1.3571428571428572
2021-01-22,CHI,135,sbro,1,2.35
2021-01-22,CHO,-155,sbro,1,1.6451612903225807
2021-01-22,ORL,170,sbro,1,2.7
2021-01-22,IND,-190,sbro,1,1.5263157894736843
2021-01-22,HOU,125,sbro,1,2.25
2021-01-22,DET,-145,sbro,1,1.6896551724137931
2021-01-22,BOS,160,sbro,1,2.6
2021-01-22,PHI,-180,sbro,1,1.5555555555555556
2021-01-22,MIA,115,sbro,1,2.15
2021-01-22,TOR,-135,sbro,1,1.7407407407407407
2021-01-22,BRK,-260,sbro,1,1.3846153846153846
2021-01-22,CLE,220,sbro,1,3.2
2021-01-22,ATL,-240,sbro,1,1.4166666666666667
2021-01-22,MIN,200,sbro,1,3.0
2021-01-22,DAL,-135,sbro,1,1.7407407407407407
2021-01-22,SAS,115,sbro,1,2.15
2021-01-22,OKC,775,sbro,1,8.75
2021-01-22,LAC,-1300,sbro,1,1.0769230769230769
2021-01-22,NYK,145,sbro,1,2.45
2021-01-22,SAC,-165,sbro,1,1.606060606060606
2021-01-22,DEN,100,sbro,1,2.0
2021-01-22,PHO,-120,sbro,1,1.8333333333333333
2021-01-23,GSW,250,sbro,1,3.5
2021-01-23,UTA,-300,sbro,1,1.3333333333333333
2021-01-23,PHI,-380,sbro,1,1.263157894736842
2021-01-23,DET,320,sbro,1,4.2
2021-01-23,MIA,280,sbro,1,3.8
2021-01-23,BRK,-340,sbro,1,1.2941176470588236
2021-01-23,NOP,-370,sbro,1,1.2702702702702702
2021-01-23,MIN,310,sbro,1,4.1
2021-01-23,LAL,-500,sbro,1,1.2
2021-01-23,CHI,400,sbro,1,5.0
2021-01-23,HOU,265,sbro,1,3.65
2021-01-23,DAL,-320,sbro,1,1.3125
2021-01-23,DEN,-155,sbro,1,1.6451612903225807
2021-01-23,PHO,135,sbro,1,2.35
2021-01-24,TOR,165,sbro,1,2.65
2021-01-24,IND,-185,sbro,1,1.5405405405405406
2021-01-24,CLE,210,sbro,1,3.1
2021-01-24,BOS,-250,sbro,1,1.4
2021-01-24,OKC,800,sbro,1,9.0
2021-01-24,LAC,-1400,sbro,1,1.0714285714285714
2021-01-24,CHO,-130,sbro,1,1.7692307692307692
2021-01-24,ORL,110,sbro,1,2.1
2021-01-24,WAS,200,sbro,1,3.0
2021-01-24,SAS,-240,sbro,1,1.4166666666666667
2021-01-24,ATL,625,sbro,1,7.25
2021-01-24,MIL,-950,sbro,1,1.105263157894737
2021-01-24,NYK,155,sbro,1,2.55
2021-01-24,POR,-175,sbro,1,1.5714285714285714
2021-01-25,CHO,-110,sbro,1,1.9090909090909092
2021-01-25,ORL,-110,sbro,1,1.9090909090909092
2021-01-25,PHI,-190,sbro,1,1.5263157894736843
2021-01-25,DET,170,sbro,1,2.7
2021-01-25,TOR,115,sbro,1,2.15
2021-01-25,IND,-135,sbro,1,1.7407407407407407
2021-01-25,LAL,-800,sbro,1,1.125
2021-01-25,CLE,550,sbro,1,6.5
2021-01-25,MIA,270,sbro,1,3.7
2021-01-25,BRK,-330,sbro,1,1.303030303030303
2021-01-25,BOS,-175,sbro,1,1.5714285714285714
2021-01-25,CHI,155,sbro,1,2.55
2021-01-25,DEN,-130,sbro,1,1.7692307692307692
2021-01-25,DAL,110,sbro,1,2.1
2021-01-25,OKC,175,sbro,1,2.75
2021-01-25,POR,-200,sbro,1,1.5
2021-01-25,MIN,310,sbro,1,4.1
2021-01-25,GSW,-370,sbro,1,1.2702702702702702
2021-01-26,LAC,200,sbro,1,3.0
2021-01-26,ATL,-240,sbro,1,1.4166666666666667
2021-01-26,WAS,140,sbro,1,2.4
2021-01-26,HOU,-160,sbro,1,1.625
2021-01-26,NYK,500,sbro,1,6.0
2021-01-26,UTA,-700,sbro,1,1.1428571428571428
2021-01-27,DET,110,sbro,1,2.1
2021-01-27,CLE,-130,sbro,1,1.7692307692307692
2021-01-27,SAC,110,sbro,1,2.1
2021-01-27,ORL,-130,sbro,1,1.7692307692307692
2021-01-27,IND,-145,sbro,1,1.6896551724137931
2021-01-27,CHO,125,sbro,1,2.25
2021-01-27,MIL,-250,sbro,1,1.4
2021-01-27,TOR,210,sbro,1,3.1
2021-01-27,BRK,-230,sbro,1,1.434782608695652
2021-01-27,ATL,195,sbro,1,2.95
2021-01-27,LAL,-175,sbro,1,1.5714285714285714
2021-01-27,PHI,155,sbro,1,2.55
2021-01-27,DEN,-240,sbro,1,1.4166666666666667
2021-01-27,MIA,200,sbro,1,3.0
2021-01-27,WAS,300,sbro,1,4.0
2021-01-27,NOP,-360,sbro,1,1.2777777777777777
2021-01-27,BOS,-190,sbro,1,1.5263157894736843
2021-01-27,SAS,170,sbro,1,2.7
2021-01-27,DAL,115,sbro,1,2.15
2021-01-27,UTA,-135,sbro,1,1.7407407407407407
2021-01-27,OKC,270,sbro,1,3.7
2021-01-27,PHO,-330,sbro,1,1.303030303030303
2021-01-27,MIN,350,sbro,1,4.5
2021-01-27,GSW,-420,sbro,1,1.2380952380952381
2021-01-28,LAC,145,sbro,1,2.45
2021-01-28,MIA,-165,sbro,1,1.606060606060606
2021-01-28,LAL,-310,sbro,1,1.3225806451612903
2021-01-28,DET,260,sbro,1,3.6
2021-01-28,GSW,110,sbro,1,2.1
2021-01-28,PHO,-130,sbro,1,1.7692307692307692
2021-01-28,POR,170,sbro,1,2.7
2021-01-28,HOU,-190,sbro,1,1.5263157894736843
2021-01-29,ATL,-165,sbro,1,1.606060606060606
2021-01-29,WAS,145,sbro,1,2.45
2021-01-29,LAC,-330,sbro,1,1.303030303030303
2021-01-29,ORL,270,sbro,1,3.7
2021-01-29,IND,-160,sbro,1,1.625
2021-01-29,CHO,140,sbro,1,2.4
2021-01-29,SAC,190,sbro,1,2.9
2021-01-29,TOR,-220,sbro,1,1.4545454545454546
2021-01-29,MIL,-280,sbro,1,1.3571428571428572
2021-01-29,NOP,240,sbro,1,3.4
2021-01-29,CLE,105,sbro,1,2.05
2021-01-29,NYK,-125,sbro,1,1.8
2021-01-29,BRK,-260,sbro,1,1.3846153846153846
2021-01-29,OKC,220,sbro,1,3.2
2021-01-29,PHI,-480,sbro,1,1.2083333333333333
2021-01-29,MIN,390,sbro,1,4.9
2021-01-29,DEN,-175,sbro,1,1.5714285714285714
2021-01-29,SAS,155,sbro,1,2.55
2021-01-29,DAL,150,sbro,1,2.5
2021-01-29,UTA,-170,sbro,1,1.588235294117647
2021-01-30,POR,110,sbro,1,2.1
2021-01-30,CHI,-130,sbro,1,1.7692307692307692
2021-01-30,MIL,-420,sbro,1,1.2380952380952381
2021-01-30,CHO,350,sbro,1,4.5
2021-01-30,HOU,115,sbro,1,2.15
2021-01-30,NOP,-135,sbro,1,1.7407407407407407
2021-01-30,SAC,220,sbro,1,3.2
2021-01-30,MIA,-260,sbro,1,1.3846153846153846
2021-01-30,LAL,-165,sbro,1,1.606060606060606
2021-01-30,BOS,145,sbro,1,2.45
2021-01-30,PHO,-110,sbro,1,1.9090909090909092
2021-01-30,DAL,-110,sbro,1,1.9090909090909092
2021-01-30,DET,190,sbro,1,2.9
2021-01-30,GSW,-220,sbro,1,1.4545454545454546
2021-01-30,MEM,150,sbro,1,2.5
2021-01-30,SAS,-170,sbro,1,1.588235294117647
2021-01-31,UTA,-155,sbro,1,1.6451612903225807
2021-01-31,DEN,135,sbro,1,2.35
2021-01-31,PHI,125,sbro,1,2.25
2021-01-31,IND,-145,sbro,1,1.6896551724137931
2021-01-31,LAC,-450,sbro,1,1.2222222222222223
2021-01-31,NYK,375,sbro,1,4.75
2021-01-31,ORL,200,sbro,1,3.0
2021-01-31,TOR,-240,sbro,1,1.4166666666666667
2021-01-31,BRK,-240,sbro,1,1.4166666666666667
2021-01-31,WAS,200,sbro,1,3.0
2021-01-31,CLE,-160,sbro,1,1.625
2021-01-31,MIN,140,sbro,1,2.4
2021-02-01,MIN,145,sbro,1,2.45
2021-02-01,CLE,-165,sbro,1,1.606060606060606
2021-02-01,LAL,-300,sbro,1,1.3333333333333333
2021-02-01,ATL,250,sbro,1,3.5
2021-02-01,CHO,260,sbro,1,3.6
2021-02-01,MIA,-310,sbro,1,1.3225806451612903
2021-02-01,SAC,125,sbro,1,2.25
2021-02-01,NOP,-145,sbro,1,1.6896551724137931
2021-02-01,NYK,140,sbro,1,2.4
2021-02-01,CHI,-160,sbro,1,1.625
2021-02-01,HOU,-200,sbro,1,1.5
2021-02-01,OKC,175,sbro,1,2.75
2021-02-01,POR,400,sbro,1,5.0
2021-02-01,MIL,-500,sbro,1,1.2
2021-02-01,MEM,155,sbro,1,2.55
2021-02-01,SAS,-175,sbro,1,1.5714285714285714
2021-02-01,PHO,120,sbro,1,2.2
2021-02-01,DAL,-140,sbro,1,1.7142857142857142
2021-02-02,MEM,160,sbro,1,2.6
2021-02-02,IND,-180,sbro,1,1.5555555555555556
2021-02-02,TOR,-260,sbro,1,1.3846153846153846
2021-02-02,ORL,220,sbro,1,3.2
2021-02-02,LAC,-120,sbro,1,1.8333333333333333
2021-02-02,BRK,100,sbro,1,2.0
2021-02-02,DET,650,sbro,1,7.5
2021-02-02,UTA,-1000,sbro,1,1.1
2021-02-02,BOS,-140,sbro,1,1.7142857142857142
2021-02-02,GSW,120,sbro,1,2.2
2021-02-02,POR,120,sbro,1,2.2
2021-02-02,WAS,-140,sbro,1,1.7142857142857142
2021-02-03,IND,330,sbro,1,4.3
2021-02-03,MIL,-400,sbro,1,1.25
2021-02-03,PHI,-310,sbro,1,1.3225806451612903
2021-02-03,CHO,260,sbro,1,3.6
2021-02-03,LAC,-420,sbro,1,1.2380952380952381
2021-02-03,CLE,350,sbro,1,4.5
2021-02-03,WAS,350,sbro,1,4.5
2021-02-03,MIA,-420,sbro,1,1.2380952380952381
2021-02-03,DAL,-130,sbro,1,1.7692307692307692
2021-02-03,ATL,110,sbro,1,2.1
2021-02-03,HOU,-250,sbro,1,1.4
2021-02-03,OKC,210,sbro,1,3.1
2021-02-03,NYK,105,sbro,1,2.05
2021-02-03,CHI,-125,sbro,1,1.8
2021-02-03,MIN,280,sbro,1,3.8
2021-02-03,SAS,-340,sbro,1,1.2941176470588236
2021-02-03,PHO,-155,sbro,1,1.6451612903225807
2021-02-03,NOP,135,sbro,1,2.35
2021-02-03,BOS,-110,sbro,1,1.9090909090909092
2021-02-03,SAC,-110,sbro,1,1.9090909090909092
2021-02-04,POR,400,sbro,1,5.0
2021-02-04,PHI,-500,sbro,1,1.2
2021-02-04,GSW,155,sbro,1,2.55
2021-02-04,DAL,-175,sbro,1,1.5714285714285714
2021-02-04,UTA,-450,sbro,1,1.2222222222222223
2021-02-04,ATL,375,sbro,1,4.75
2021-02-04,HOU,145,sbro,1,2.45
2021-02-04,MEM,-165,sbro,1,1.606060606060606
2021-02-04,DEN,175,sbro,1,2.75
2021-02-04,LAL,-200,sbro,1,1.5
2021-02-05,CHI,-135,sbro,1,1.7407407407407407
2021-02-05,ORL,115,sbro,1,2.15
2021-02-05,UTA,-360,sbro,1,1.2777777777777777
2021-02-05,CHO,300,sbro,1,4.0
2021-02-05,NOP,105,sbro,1,2.05
2021-02-05,IND,-125,sbro,1,1.8
2021-02-05,MIL,-700,sbro,1,1.1428571428571428
2021-02-05,CLE,500,sbro,1,6.0
2021-02-05,TOR,190,sbro,1,2.9
2021-02-05,BRK,-220,sbro,1,1.4545454545454546
2021-02-05,MIN,-140,sbro,1,1.7142857142857142
2021-02-05,OKC,120,sbro,1,2.2
2021-02-05,WAS,245,sbro,1,3.45
2021-02-05,MIA,-290,sbro,1,1.3448275862068966
2021-02-05,DET,300,sbro,1,4.0
2021-02-05,PHO,-360,sbro,1,1.2777777777777777
2021-02-05,BOS,180,sbro,1,2.8
2021-02-05,LAC,-210,sbro,1,1.4761904761904763
2021-02-06,POR,-120,sbro,1,1.8333333333333333
2021-02-06,NYK,100,sbro,1,2.0
2021-02-06,DEN,-125,sbro,1,1.8
2021-02-06,SAC,105,sbro,1,2.05
2021-02-06,MEM,-120,sbro,1,1.8333333333333333
2021-02-06,NOP,100,sbro,1,2.0
2021-02-06,CHI,-120,sbro,1,1.8333333333333333
2021-02-06,ORL,100,sbro,1,2.0
2021-02-06,BRK,245,sbro,1,3.45
2021-02-06,PHI,-290,sbro,1,1.3448275862068966
2021-02-06,TOR,-120,sbro,1,1.8333333333333333
2021-02-06,ATL,100,sbro,1,2.0
2021-02-06,MIL,-650,sbro,1,1.1538461538461537
2021-02-06,CLE,475,sbro,1,5.75
2021-02-06,MIN,115,sbro,1,2.15
2021-02-06,OKC,-135,sbro,1,1.7407407407407407
2021-02-06,SAS,100,sbro,1,2.0
2021-02-06,HOU,-120,sbro,1,1.8333333333333333
2021-02-06,GSW,165,sbro,1,2.65
2021-02-06,DAL,-185,sbro,1,1.5405405405405406
2021-02-06,DET,900,sbro,1,10.0
2021-02-06,LAL,-1600,sbro,1,1.0625
2021-02-07,UTA,-220,sbro,1,1.4545454545454546
2021-02-07,IND,190,sbro,1,2.9
2021-02-07,MIA,-240,sbro,1,1.4166666666666667
2021-02-07,NYK,200,sbro,1,3.0
2021-02-07,BOS,125,sbro,1,2.25
2021-02-07,PHO,-145,sbro,1,1.6896551724137931
2021-02-07,SAC,300,sbro,1,4.0
2021-02-07,LAC,-360,sbro,1,1.2777777777777777
2021-02-07,WAS,-125,sbro,1,1.8
2021-02-07,CHO,105,sbro,1,2.05
2021-02-08,HOU,-125,sbro,1,1.8
2021-02-08,CHO,105,sbro,1,2.05
2021-02-08,TOR,-150,sbro,1,1.6666666666666667
2021-02-08,MEM,130,sbro,1,2.3
2021-02-08,WAS,170,sbro,1,2.7
2021-02-08,CHI,-190,sbro,1,1.5263157894736843
2021-02-08,GSW,100,sbro,1,2.0
2021-02-08,SAS,-120,sbro,1,1.8333333333333333
2021-02-08,MIN,425,sbro,1,5.25
2021-02-08,DAL,-550,sbro,1,1.1818181818181819
2021-02-08,CLE,200,sbro,1,3.0
2021-02-08,PHO,-240,sbro,1,1.4166666666666667
2021-02-08,MIL,-130,sbro,1,1.7692307692307692
2021-02-08,DEN,110,sbro,1,2.1
2021-02-08,OKC,500,sbro,1,6.0
2021-02-08,LAL,-700,sbro,1,1.1428571428571428
2021-02-09,BRK,-230,sbro,1,1.434782608695652
2021-02-09,DET,195,sbro,1,2.95
2021-02-09,NYK,200,sbro,1,3.0
2021-02-09,MIA,-240,sbro,1,1.4166666666666667
2021-02-09,HOU,230,sbro,1,3.3
2021-02-09,NOP,-270,sbro,1,1.3703703703703705
2021-02-09,GSW,-110,sbro,1,1.9090909090909092
2021-02-09,SAS,-110,sbro,1,1.9090909090909092
2021-02-09,PHI,-210,sbro,1,1.4761904761904763
2021-02-09,SAC,180,sbro,1,2.8
2021-02-09,BOS,180,sbro,1,2.8
2021-02-09,UTA,-210,sbro,1,1.4761904761904763
2021-02-09,ORL,210,sbro,1,3.1
2021-02-09,POR,-250,sbro,1,1.4
2021-02-10,TOR,-210,sbro,1,1.4761904761904763
2021-02-10,WAS,180,sbro,1,2.8
2021-02-10,IND,-115,sbro,1,1.8695652173913044
2021-02-10,BRK,-105,sbro,1,1.9523809523809523
2021-02-10,ATL,135,sbro,1,2.35
2021-02-10,DAL,-155,sbro,1,1.6451612903225807
2021-02-10,LAC,-430,sbro,1,1.2325581395348837
2021-02-10,MIN,360,sbro,1,4.6
2021-02-10,NOP,-140,sbro,1,1.7142857142857142
2021-02-10,CHI,120,sbro,1,2.2
2021-02-10,CHO,120,sbro,1,2.2
2021-02-10,MEM,-140,sbro,1,1.7142857142857142
2021-02-10,CLE,400,sbro,1,5.0
2021-02-10,DEN,-500,sbro,1,1.2
2021-02-10,OKC,575,sbro,1,6.75
2021-02-10,LAL,-850,sbro,1,1.1176470588235294
2021-02-10,MIL,-180,sbro,1,1.5555555555555556
2021-02-10,PHO,160,sbro,1,2.6
2021-02-11,IND,-175,sbro,1,1.5714285714285714
2021-02-11,DET,155,sbro,1,2.55
2021-02-11,MIA,-130,sbro,1,1.7692307692307692
2021-02-11,HOU,110,sbro,1,2.1
2021-02-11,PHI,-230,sbro,1,1.434782608695652
2021-02-11,POR,195,sbro,1,2.95
2021-02-11,ORL,320,sbro,1,4.2
2021-02-11,GSW,-380,sbro,1,1.263157894736842
2021-02-11,TOR,125,sbro,1,2.25
2021-02-11,BOS,-145,sbro,1,1.6896551724137931
2021-02-12,MIN,120,sbro,1,2.2
2021-02-12,CHO,-140,sbro,1,1.7142857142857142
2021-02-12,NYK,-150,sbro,1,1.6666666666666667
2021-02-12,WAS,130,sbro,1,2.3
2021-02-12,SAS,115,sbro,1,2.15
2021-02-12,ATL,-135,sbro,1,1.7407407407407407
2021-02-12,NOP,130,sbro,1,2.3
2021-02-12,DAL,-150,sbro,1,1.6666666666666667
2021-02-12,LAC,-300,sbro,1,1.3333333333333333
2021-02-12,CHI,250,sbro,1,3.5
2021-02-12,MIL,120,sbro,1,2.2
2021-02-12,UTA,-140,sbro,1,1.7142857142857142
2021-02-12,OKC,650,sbro,1,7.5
2021-02-12,DEN,-1000,sbro,1,1.1
2021-02-12,ORL,225,sbro,1,3.25
2021-02-12,SAC,-265,sbro,1,1.3773584905660377
2021-02-12,MEM,300,sbro,1,4.0
2021-02-12,LAL,-360,sbro,1,1.2777777777777777
2021-02-12,CLE,165,sbro,1,2.65
2021-02-12,POR,-185,sbro,1,1.5405405405405406
2021-02-12,DET,290,sbro,1,3.9
2021-02-12,BOS,-350,sbro,1,1.2857142857142858
2021-02-13,PHI,-105,sbro,1,1.9523809523809523
2021-02-13,PHO,-115,sbro,1,1.8695652173913044
2021-02-13,IND,-115,sbro,1,1.8695652173913044
2021-02-13,ATL,-105,sbro,1,1.9523809523809523
2021-02-13,HOU,-120,sbro,1,1.8333333333333333
2021-02-13,NYK,100,sbro,1,2.0
2021-02-13,BRK,-160,sbro,1,1.625
2021-02-13,GSW,140,sbro,1,2.4
2021-02-13,MIA,240,sbro,1,3.4
2021-02-13,UTA,-280,sbro,1,1.3571428571428572
2021-02-14,POR,180,sbro,1,2.8
2021-02-14,DAL,-210,sbro,1,1.4761904761904763
2021-02-14,MIN,290,sbro,1,3.9
2021-02-14,TOR,-350,sbro,1,1.2857142857142858
2021-02-14,SAS,-170,sbro,1,1.588235294117647
2021-02-14,CHO,150,sbro,1,2.5
2021-02-14,MIL,-1000,sbro,1,1.1
2021-02-14,OKC,650,sbro,1,7.5
2021-02-14,LAL,-150,sbro,1,1.6666666666666667
2021-02-14,DEN,130,sbro,1,2.3
2021-02-14,ORL,525,sbro,1,6.25
2021-02-14,PHO,-750,sbro,1,1.1333333333333333
2021-02-14,MEM,105,sbro,1,2.05
2021-02-14,SAC,-125,sbro,1,1.8
2021-02-14,CLE,395,sbro,1,4.95
2021-02-14,LAC,-490,sbro,1,1.2040816326530612
2021-02-14,BOS,-280,sbro,1,1.3571428571428572
2021-02-14,WAS,240,sbro,1,3.4
2021-02-14,NOP,-220,sbro,1,1.4545454545454546
2021-02-14,DET,190,sbro,1,2.9
2021-02-15,CHI,170,sbro,1,2.7
2021-02-15,IND,-190,sbro,1,1.5263157894736843
2021-02-15,HOU,105,sbro,1,2.05
2021-02-15,WAS,-125,sbro,1,1.8
2021-02-15,ATL,-125,sbro,1,1.8
2021-02-15,NYK,105,sbro,1,2.05
2021-02-15,PHI,320,sbro,1,4.2
2021-02-15,UTA,-380,sbro,1,1.263157894736842
2021-02-15,MIA,-240,sbro,1,1.4166666666666667
2021-02-15,LAC,200,sbro,1,3.0
2021-02-15,CLE,450,sbro,1,5.5
2021-02-15,GSW,-600,sbro,1,1.1666666666666667
2021-02-15,BRK,-190,sbro,1,1.5263157894736843
2021-02-15,SAC,170,sbro,1,2.7
2021-02-16,DEN,110,sbro,1,2.1
2021-02-16,BOS,-130,sbro,1,1.7692307692307692
2021-02-16,NOP,-115,sbro,1,1.8695652173913044
2021-02-16,MEM,-105,sbro,1,1.9523809523809523
2021-02-16,TOR,210,sbro,1,3.1
2021-02-16,MIL,-250,sbro,1,1.4
2021-02-16,LAL,-265,sbro,1,1.3773584905660377
2021-02-16,MIN,225,sbro,1,3.25
2021-02-16,POR,-220,sbro,1,1.4545454545454546
2021-02-16,OKC,190,sbro,1,2.9
2021-02-16,BRK,270,sbro,1,3.7
2021-02-16,PHO,-330,sbro,1,1.303030303030303
2021-02-17,NYK,-160,sbro,1,1.625
2021-02-17,ORL,140,sbro,1,2.4
2021-02-17,DEN,-175,sbro,1,1.5714285714285714
2021-02-17,WAS,155,sbro,1,2.55
2021-02-17,HOU,330,sbro,1,4.3
2021-02-17,PHI,-400,sbro,1,1.25
2021-02-17,ATL,110,sbro,1,2.1
2021-02-17,BOS,-130,sbro,1,1.7692307692307692
2021-02-17,POR,150,sbro,1,2.5
2021-02-17,NOP,-170,sbro,1,1.588235294117647
2021-02-17,IND,-200,sbro,1,1.5
2021-02-17,MIN,175,sbro,1,2.75
2021-02-17,MIA,-115,sbro,1,1.8695652173913044
2021-02-17,GSW,-105,sbro,1,1.9523809523809523
2021-02-17,UTA,-260,sbro,1,1.3846153846153846
2021-02-17,LAC,220,sbro,1,3.2
2021-02-17,DET,130,sbro,1,2.3
2021-02-17,CHI,-150,sbro,1,1.6666666666666667
2021-02-17,OKC,225,sbro,1,3.25
2021-02-17,MEM,-265,sbro,1,1.3773584905660377
2021-02-18,TOR,270,sbro,1,3.7
2021-02-18,MIL,-330,sbro,1,1.303030303030303
2021-02-18,BRK,130,sbro,1,2.3
2021-02-18,LAL,-150,sbro,1,1.6666666666666667
2021-02-18,MIA,-105,sbro,1,1.9523809523809523
2021-02-18,SAC,-115,sbro,1,1.8695652173913044
2021-02-19,GSW,-200,sbro,1,1.5
2021-02-19,ORL,175,sbro,1,2.75
2021-02-19,CHI,210,sbro,1,3.1
2021-02-19,PHI,-250,sbro,1,1.4
2021-02-19,ATL,175,sbro,1,2.75
2021-02-19,BOS,-200,sbro,1,1.5
2021-02-19,DET,170,sbro,1,2.7
2021-02-19,MEM,-190,sbro,1,1.5263157894736843
2021-02-19,OKC,450,sbro,1,5.5
2021-02-19,MIL,-600,sbro,1,1.1666666666666667
2021-02-19,PHO,-165,sbro,1,1.606060606060606
2021-02-19,NOP,145,sbro,1,2.45
2021-02-19,TOR,-155,sbro,1,1.6451612903225807
2021-02-19,MIN,135,sbro,1,2.35
2021-02-19,UTA,-110,sbro,1,1.9090909090909092
2021-02-19,LAC,-110,sbro,1,1.9090909090909092
2021-02-19,DEN,-450,sbro,1,1.2222222222222223
2021-02-19,CLE,375,sbro,1,4.75
2021-02-20,GSW,-130,sbro,1,1.7692307692307692
2021-02-20,CHO,110,sbro,1,2.1
2021-02-20,PHO,-260,sbro,1,1.3846153846153846
2021-02-20,MEM,220,sbro,1,3.2
2021-02-20,SAC,-115,sbro,1,1.8695652173913044
2021-02-20,CHI,-105,sbro,1,1.9523809523809523
2021-02-20,MIA,145,sbro,1,2.45
2021-02-20,LAL,-165,sbro,1,1.606060606060606
2021-02-20,WAS,155,sbro,1,2.55
2021-02-20,POR,-175,sbro,1,1.5714285714285714
2021-02-21,BOS,-140,sbro,1,1.7142857142857142
2021-02-21,NOP,120,sbro,1,2.2
2021-02-21,PHI,-150,sbro,1,1.6666666666666667
2021-02-21,TOR,130,sbro,1,2.3
2021-02-21,DET,145,sbro,1,2.45
2021-02-21,ORL,-165,sbro,1,1.606060606060606
2021-02-21,OKC,-150,sbro,1,1.6666666666666667
2021-02-21,CLE,130,sbro,1,2.3
2021-02-21,MIN,135,sbro,1,2.35
2021-02-21,NYK,-155,sbro,1,1.6451612903225807
2021-02-21,DEN,-145,sbro,1,1.6896551724137931
2021-02-21,ATL,125,sbro,1,2.25
2021-02-21,BRK,225,sbro,1,3.25
2021-02-21,LAC,-265,sbro,1,1.3773584905660377
2021-02-21,SAC,450,sbro,1,5.5
2021-02-21,MIL,-600,sbro,1,1.1666666666666667
2021-02-22,CHI,-110,sbro,1,1.9090909090909092
2021-02-22,HOU,-110,sbro,1,1.9090909090909092
2021-02-22,MIA,-280,sbro,1,1.3571428571428572
2021-02-22,OKC,240,sbro,1,3.4
2021-02-22,MEM,165,sbro,1,2.65
2021-02-22,DAL,-185,sbro,1,1.5405405405405406
2021-02-22,POR,210,sbro,1,3.1
2021-02-22,PHO,-250,sbro,1,1.4
2021-02-22,CHO,625,sbro,1,7.25
2021-02-22,UTA,-950,sbro,1,1.105263157894737
2021-02-22,WAS,240,sbro,1,3.4
2021-02-22,LAL,-280,sbro,1,1.3571428571428572
2021-02-23,ATL,-330,sbro,1,1.303030303030303
2021-02-23,CLE,270,sbro,1,3.7
2021-02-23,DET,155,sbro,1,2.55
2021-02-23,ORL,-175,sbro,1,1.5714285714285714
2021-02-23,GSW,-170,sbro,1,1.588235294117647
2021-02-23,NYK,150,sbro,1,2.5
2021-02-23,BOS,-140,sbro,1,1.7142857142857142
2021-02-23,DAL,120,sbro,1,2.2
2021-02-23,SAC,210,sbro,1,3.1
2021-02-23,BRK,-250,sbro,1,1.4
2021-02-23,PHI,-145,sbro,1,1.6896551724137931
2021-02-23,TOR,125,sbro,1,2.25
2021-02-23,MIN,500,sbro,1,6.0
2021-02-23,MIL,-700,sbro,1,1.1428571428571428
2021-02-23,POR,210,sbro,1,3.1
2021-02-23,DEN,-250,sbro,1,1.4
2021-02-23,WAS,600,sbro,1,7.0
2021-02-23,LAC,-900,sbro,1,1.1111111111111112
2021-02-24,GSW,115,sbro,1,2.15
2021-02-24,IND,-135,sbro,1,1.7407407407407407
2021-02-24,TOR,100,sbro,1,2.0
2021-02-24,MIA,-120,sbro,1,1.8333333333333333
2021-02-24,HOU,-175,sbro,1,1.5714285714285714
2021-02-24,CLE,155,sbro,1,2.55
2021-02-24,BOS,-125,sbro,1,1.8
2021-02-24,ATL,105,sbro,1,2.05
2021-02-24,SAS,-110,sbro,1,1.9090909090909092
2021-02-24,OKC,-110,sbro,1,1.9090909090909092
2021-02-24,MIN,160,sbro,1,2.6
2021-02-24,CHI,-180,sbro,1,1.5555555555555556
2021-02-24,DET,550,sbro,1,6.5
2021-02-24,NOP,-800,sbro,1,1.125
2021-02-24,CHO,350,sbro,1,4.5
2021-02-24,PHO,-420,sbro,1,1.2380952380952381
2021-02-24,LAL,330,sbro,1,4.3
2021-02-24,UTA,-400,sbro,1,1.25
2021-02-25,DAL,175,sbro,1,2.75
2021-02-25,PHI,-195,sbro,1,1.5128205128205128
2021-02-25,ORL,330,sbro,1,4.3
2021-02-25,BRK,-400,sbro,1,1.25
2021-02-25,SAC,-105,sbro,1,1.9523809523809523
2021-02-25,NYK,-115,sbro,1,1.8695652173913044
2021-02-25,LAC,-340,sbro,1,1.2941176470588236
2021-02-25,MEM,280,sbro,1,3.8
2021-02-25,WAS,290,sbro,1,3.9
2021-02-25,DEN,-350,sbro,1,1.2857142857142858
2021-02-25,NOP,265,sbro,1,3.65
2021-02-25,MIL,-320,sbro,1,1.3125
2021-02-26,SAC,-115,sbro,1,1.8695652173913044
2021-02-26,DET,-105,sbro,1,1.9523809523809523
2021-02-26,IND,120,sbro,1,2.2
2021-02-26,BOS,-140,sbro,1,1.7142857142857142
2021-02-26,HOU,235,sbro,1,3.35
2021-02-26,TOR,-275,sbro,1,1.3636363636363635
2021-02-26,PHO,-250,sbro,1,1.4
2021-02-26,CHI,210,sbro,1,3.1
2021-02-26,LAC,-320,sbro,1,1.3125
2021-02-26,MEM,265,sbro,1,3.65
2021-02-26,UTA,-250,sbro,1,1.4
2021-02-26,MIA,210,sbro,1,3.1
2021-02-26,ATL,-210,sbro,1,1.4761904761904763
2021-02-26,OKC,180,sbro,1,2.8
2021-02-26,POR,170,sbro,1,2.7
2021-02-26,LAL,-190,sbro,1,1.5263157894736843
2021-02-26,CHO,220,sbro,1,3.2
2021-02-26,GSW,-260,sbro,1,1.3846153846153846
2021-02-27,CLE,500,sbro,1,6.0
2021-02-27,PHI,-700,sbro,1,1.1428571428571428
2021-02-27,NOP,-135,sbro,1,1.7407407407407407
2021-02-27,SAS,115,sbro,1,2.15
2021-02-27,UTA,-500,sbro,1,1.2
2021-02-27,ORL,400,sbro,1,5.0
2021-02-27,MIN,150,sbro,1,2.5
2021-02-27,WAS,-170,sbro,1,1.588235294117647
2021-02-27,IND,-110,sbro,1,1.9090909090909092
2021-02-27,NYK,-110,sbro,1,1.9090909090909092
2021-02-27,DEN,-280,sbro,1,1.3571428571428572
2021-02-27,OKC,240,sbro,1,3.4
2021-02-27,DAL,100,sbro,1,2.0
2021-02-27,BRK,-120,sbro,1,1.8333333333333333
2021-02-28,LAC,105,sbro,1,2.05
2021-02-28,MIL,-125,sbro,1,1.8
2021-02-28,NYK,-115,sbro,1,1.8695652173913044
2021-02-28,DET,-105,sbro,1,1.9523809523809523
2021-02-28,ATL,120,sbro,1,2.2
2021-02-28,MIA,-140,sbro,1,1.7142857142857142
2021-02-28,WAS,210,sbro,1,3.1
2021-02-28,BOS,-250,sbro,1,1.4
2021-02-28,MEM,-170,sbro,1,1.588235294117647
2021-02-28,HOU,150,sbro,1,2.5
2021-02-28,GSW,125,sbro,1,2.25
2021-02-28,LAL,-145,sbro,1,1.6896551724137931
2021-02-28,PHO,-600,sbro,1,1.1666666666666667
2021-02-28,MIN,450,sbro,1,5.5
2021-02-28,CHO,150,sbro,1,2.5
2021-02-28,SAC,-170,sbro,1,1.588235294117647
2021-03-01,DAL,-275,sbro,1,1.3636363636363635
2021-03-01,ORL,235,sbro,1,3.35
2021-03-01,IND,140,sbro,1,2.4
2021-03-01,PHI,-160,sbro,1,1.625
2021-03-01,UTA,-280,sbro,1,1.3571428571428572
2021-03-01,NOP,240,sbro,1,3.4
2021-03-01,CLE,130,sbro,1,2.3
2021-03-01,HOU,-150,sbro,1,1.6666666666666667
2021-03-01,DEN,-180,sbro,1,1.5555555555555556
2021-03-01,CHI,160,sbro,1,2.6
2021-03-01,BRK,-170,sbro,1,1.588235294117647
2021-03-01,SAS,150,sbro,1,2.5
2021-03-01,CHO,290,sbro,1,3.9
2021-03-01,POR,-350,sbro,1,1.2857142857142858
2021-03-02,MEM,100,sbro,1,2.0
2021-03-02,WAS,-120,sbro,1,1.8333333333333333
2021-03-02,ATL,110,sbro,1,2.1
2021-03-02,MIA,-130,sbro,1,1.7692307692307692
2021-03-02,LAC,-210,sbro,1,1.4761904761904763
2021-03-02,BOS,180,sbro,1,2.8
2021-03-02,DEN,270,sbro,1,3.7
2021-03-02,MIL,-330,sbro,1,1.303030303030303
2021-03-02,NYK,-130,sbro,1,1.7692307692307692
2021-03-02,SAS,110,sbro,1,2.1
2021-03-02,PHO,-120,sbro,1,1.8333333333333333
2021-03-02,LAL,100,sbro,1,2.0
2021-03-03,ATL,-150,sbro,1,1.6666666666666667
2021-03-03,ORL,130,sbro,1,2.3
2021-03-03,IND,-270,sbro,1,1.3703703703703705
2021-03-03,CLE,230,sbro,1,3.3
2021-03-03,UTA,-155,sbro,1,1.6451612903225807
2021-03-03,PHI,135,sbro,1,2.35
2021-03-03,BRK,-600,sbro,1,1.1666666666666667
2021-03-03,HOU,450,sbro,1,5.5
2021-03-03,CHI,195,sbro,1,2.95
2021-03-03,NOP,-230,sbro,1,1.434782608695652
2021-03-03,CHO,-135,sbro,1,1.7407407407407407
2021-03-03,MIN,115,sbro,1,2.15
2021-03-03,OKC,175,sbro,1,2.75
2021-03-03,DAL,-200,sbro,1,1.5
2021-03-03,LAL,165,sbro,1,2.65
2021-03-03,SAC,-185,sbro,1,1.5405405405405406
2021-03-03,GSW,-115,sbro,1,1.8695652173913044
2021-03-03,POR,-105,sbro,1,1.9523809523809523
2021-03-03,DET,270,sbro,1,3.7
2021-03-03,TOR,-330,sbro,1,1.303030303030303
2021-03-04,TOR,305,sbro,1,4.05
2021-03-04,BOS,-365,sbro,1,1.273972602739726
2021-03-04,LAC,-275,sbro,1,1.3636363636363635
2021-03-04,WAS,235,sbro,1,3.35
2021-03-04,DEN,-170,sbro,1,1.588235294117647
2021-03-04,IND,150,sbro,1,2.5
2021-03-04,MIL,-240,sbro,1,1.4166666666666667
2021-03-04,MEM,200,sbro,1,3.0
2021-03-04,OKC,230,sbro,1,3.3
2021-03-04,SAS,-270,sbro,1,1.3703703703703705
2021-03-04,MIA,-130,sbro,1,1.7692307692307692
2021-03-04,NOP,110,sbro,1,2.1
2021-03-04,SAC,160,sbro,1,2.6
2021-03-04,POR,-180,sbro,1,1.5555555555555556
2021-03-04,DET,245,sbro,1,3.45
2021-03-04,NYK,-290,sbro,1,1.3448275862068966
2021-03-04,GSW,550,sbro,1,6.5
2021-03-04,PHO,-800,sbro,1,1.125
2021-03-10,WAS,140,sbro,1,2.4
2021-03-10,MEM,-160,sbro,1,1.625
2021-03-10,SAS,160,sbro,1,2.6
2021-03-10,DAL,-180,sbro,1,1.5555555555555556
2021-03-11,DET,170,sbro,1,2.7
2021-03-11,CHO,-190,sbro,1,1.5263157894736843
2021-03-11,BOS,120,sbro,1,2.2
2021-03-11,BRK,-140,sbro,1,1.7142857142857142
2021-03-11,ATL,-145,sbro,1,1.6896551724137931
2021-03-11,TOR,125,sbro,1,2.25
2021-03-11,ORL,350,sbro,1,4.5
2021-03-11,MIA,-420,sbro,1,1.2380952380952381
2021-03-11,PHI,140,sbro,1,2.4
2021-03-11,CHI,-160,sbro,1,1.625
2021-03-11,MIN,300,sbro,1,4.0
2021-03-11,NOP,-360,sbro,1,1.2777777777777777
2021-03-11,NYK,475,sbro,1,5.75
2021-03-11,MIL,-650,sbro,1,1.1538461538461537
2021-03-11,DAL,-135,sbro,1,1.7407407407407407
2021-03-11,OKC,115,sbro,1,2.15
2021-03-11,GSW,240,sbro,1,3.4
2021-03-11,LAC,-280,sbro,1,1.3571428571428572
2021-03-11,HOU,180,sbro,1,2.8
2021-03-11,SAC,-210,sbro,1,1.4761904761904763
2021-03-11,PHO,-180,sbro,1,1.5555555555555556
2021-03-11,POR,160,sbro,1,2.6
2021-03-12,CLE,240,sbro,1,3.4
2021-03-12,NOP,-280,sbro,1,1.3571428571428572
2021-03-12,PHI,-155,sbro,1,1.6451612903225807
2021-03-12,WAS,135,sbro,1,2.35
2021-03-12,DEN,-150,sbro,1,1.6666666666666667
2021-03-12,MEM,130,sbro,1,2.3
2021-03-12,ORL,265,sbro,1,3.65
2021-03-12,SAS,-320,sbro,1,1.3125
2021-03-12,MIA,-130,sbro,1,1.7692307692307692
2021-03-12,CHI,110,sbro,1,2.1
2021-03-12,HOU,1500,sbro,1,16.0
2021-03-12,UTA,-5000,sbro,1,1.02
2021-03-12,IND,170,sbro,1,2.7
2021-03-12,LAL,-190,sbro,1,1.5263157894736843
2021-03-13,NYK,-175,sbro,1,1.5714285714285714
2021-03-13,OKC,155,sbro,1,2.55
2021-03-13,DET,500,sbro,1,6.0
2021-03-13,BRK,-700,sbro,1,1.1428571428571428
2021-03-13,MIL,-1000,sbro,1,1.1
2021-03-13,WAS,650,sbro,1,7.5
2021-03-13,TOR,120,sbro,1,2.2
2021-03-13,CHO,-140,sbro,1,1.7142857142857142
2021-03-13,SAC,170,sbro,1,2.7
2021-03-13,ATL,-190,sbro,1,1.5263157894736843
2021-03-13,POR,-210,sbro,1,1.4761904761904763
2021-03-13,MIN,180,sbro,1,2.8
2021-03-13,DAL,110,sbro,1,2.1
2021-03-13,DEN,-130,sbro,1,1.7692307692307692
2021-03-13,IND,250,sbro,1,3.5
2021-03-13,PHO,-300,sbro,1,1.3333333333333333
2021-03-14,MEM,-410,sbro,1,1.2439024390243902
2021-03-14,OKC,340,sbro,1,4.4
2021-03-14,UTA,-310,sbro,1,1.3225806451612903
2021-03-14,GSW,260,sbro,1,3.6
2021-03-14,SAS,180,sbro,1,2.8
2021-03-14,PHI,-210,sbro,1,1.4761904761904763
2021-03-14,MIA,-300,sbro,1,1.3333333333333333
2021-03-14,ORL,250,sbro,1,3.5
2021-03-14,CLE,190,sbro,1,2.9
2021-03-14,ATL,-220,sbro,1,1.4545454545454546
2021-03-14,BOS,-700,sbro,1,1.1428571428571428
2021-03-14,HOU,500,sbro,1,6.0
2021-03-14,POR,-185,sbro,1,1.5405405405405406
2021-03-14,MIN,165,sbro,1,2.65
2021-03-14,TOR,150,sbro,1,2.5
2021-03-14,CHI,-170,sbro,1,1.588235294117647
2021-03-14,LAC,-250,sbro,1,1.4
2021-03-14,NOP,210,sbro,1,3.1
2021-03-15,MIL,-350,sbro,1,1.2857142857142858
2021-03-15,WAS,290,sbro,1,3.9
2021-03-15,SAC,140,sbro,1,2.4
2021-03-15,CHO,-160,sbro,1,1.625
2021-03-15,NYK,290,sbro,1,3.9
2021-03-15,BRK,-350,sbro,1,1.2857142857142858
2021-03-15,SAS,-120,sbro,1,1.8333333333333333
2021-03-15,DET,100,sbro,1,2.0
2021-03-15,IND,165,sbro,1,2.65
2021-03-15,DEN,-185,sbro,1,1.5405405405405406
2021-03-15,LAC,-125,sbro,1,1.8
2021-03-15,DAL,105,sbro,1,2.05
2021-03-15,MEM,260,sbro,1,3.6
2021-03-15,PHO,-310,sbro,1,1.3225806451612903
2021-03-15,LAL,-135,sbro,1,1.7407407407407407
2021-03-15,GSW,115,sbro,1,2.15
2021-03-16,UTA,-160,sbro,1,1.625
2021-03-16,BOS,140,sbro,1,2.4
2021-03-16,OKC,240,sbro,1,3.4
2021-03-16,CHI,-280,sbro,1,1.3571428571428572
2021-03-16,ATL,-380,sbro,1,1.263157894736842
2021-03-16,HOU,320,sbro,1,4.2
2021-03-16,CLE,450,sbro,1,5.5
2021-03-16,MIA,-600,sbro,1,1.1666666666666667
2021-03-16,NYK,250,sbro,1,3.5
2021-03-16,PHI,-300,sbro,1,1.3333333333333333
2021-03-16,NOP,110,sbro,1,2.1
2021-03-16,POR,-130,sbro,1,1.7692307692307692
2021-03-16,MIN,290,sbro,1,3.9
2021-03-16,LAL,-350,sbro,1,1.2857142857142858
2021-03-17,MIL,-240,sbro,1,1.4166666666666667
2021-03-17,PHI,200,sbro,1,3.0
2021-03-17,BRK,100,sbro,1,2.0
2021-03-17,IND,-120,sbro,1,1.8333333333333333
2021-03-17,TOR,-250,sbro,1,1.4
2021-03-17,DET,210,sbro,1,3.1
2021-03-17,SAC,-105,sbro,1,1.9523809523809523
2021-03-17,WAS,-115,sbro,1,1.8695652173913044
2021-03-17,GSW,-700,sbro,1,1.1428571428571428
2021-03-17,HOU,500,sbro,1,6.0
2021-03-17,BOS,-340,sbro,1,1.2941176470588236
2021-03-17,CLE,280,sbro,1,3.8
2021-03-17,SAS,105,sbro,1,2.05
2021-03-17,CHI,-125,sbro,1,1.8
2021-03-17,MIA,-120,sbro,1,1.8333333333333333
2021-03-17,MEM,100,sbro,1,2.0
2021-03-17,CHO,220,sbro,1,3.2
2021-03-17,DEN,-260,sbro,1,1.3846153846153846
2021-03-17,LAC,-140,sbro,1,1.7142857142857142
2021-03-17,DAL,120,sbro,1,2.2
2021-03-18,UTA,-700,sbro,1,1.1428571428571428
2021-03-18,WAS,500,sbro,1,6.0
2021-03-18,ORL,180,sbro,1,2.8
2021-03-18,NYK,-210,sbro,1,1.4761904761904763
2021-03-18,OKC,265,sbro,1,3.65
2021-03-18,ATL,-320,sbro,1,1.3125
2021-03-18,MIN,475,sbro,1,5.75
2021-03-18,PHO,-650,sbro,1,1.1538461538461537
2021-03-18,NOP,105,sbro,1,2.05
2021-03-18,POR,-125,sbro,1,1.8
2021-03-18,CHO,250,sbro,1,3.5
2021-03-18,LAL,-300,sbro,1,1.3333333333333333
2021-03-19,SAS,-200,sbro,1,1.5
2021-03-19,CLE,175,sbro,1,2.75
2021-03-19,SAC,240,sbro,1,3.4
2021-03-19,BOS,-280,sbro,1,1.3571428571428572
2021-03-19,GSW,230,sbro,1,3.3
2021-03-19,MEM,-270,sbro,1,1.3703703703703705
2021-03-19,DET,110,sbro,1,2.1
2021-03-19,HOU,-130,sbro,1,1.7692307692307692
2021-03-19,UTA,-185,sbro,1,1.5405405405405406
2021-03-19,TOR,165,sbro,1,2.65
2021-03-19,BRK,-650,sbro,1,1.1538461538461537
2021-03-19,ORL,475,sbro,1,5.75
2021-03-19,IND,160,sbro,1,2.6
2021-03-19,MIA,-180,sbro,1,1.5555555555555556
2021-03-19,CHI,245,sbro,1,3.45
2021-03-19,DEN,-290,sbro,1,1.3448275862068966
2021-03-19,DAL,-165,sbro,1,1.606060606060606
2021-03-19,POR,145,sbro,1,2.45
2021-03-19,MIN,525,sbro,1,6.25
2021-03-19,PHO,-750,sbro,1,1.1333333333333333
2021-03-20,ATL,155,sbro,1,2.55
2021-03-20,LAL,-175,sbro,1,1.5714285714285714
2021-03-20,SAC,190,sbro,1,2.9
2021-03-20,PHI,-220,sbro,1,1.4545454545454546
2021-03-20,GSW,225,sbro,1,3.25
2021-03-20,MEM,-265,sbro,1,1.3773584905660377
2021-03-20,SAS,550,sbro,1,6.5
2021-03-20,MIL,-800,sbro,1,1.125
2021-03-20,CHO,400,sbro,1,5.0
2021-03-20,LAC,-500,sbro,1,1.2
2021-03-21,IND,140,sbro,1,2.4
2021-03-21,MIA,-160,sbro,1,1.625
2021-03-21,OKC,175,sbro,1,2.75
2021-03-21,HOU,-200,sbro,1,1.5
2021-03-21,NOP,220,sbro,1,3.2
2021-03-21,DEN,-260,sbro,1,1.3846153846153846
2021-03-21,ORL,310,sbro,1,4.1
2021-03-21,BOS,-370,sbro,1,1.2702702702702702
2021-03-21,WAS,320,sbro,1,4.2
2021-03-21,BRK,-380,sbro,1,1.263157894736842
2021-03-21,CHI,-150,sbro,1,1.6666666666666667
2021-03-21,DET,130,sbro,1,2.3
2021-03-21,TOR,-300,sbro,1,1.3333333333333333
2021-03-21,CLE,250,sbro,1,3.5
2021-03-21,PHI,-125,sbro,1,1.8
2021-03-21,NYK,105,sbro,1,2.05
2021-03-21,LAL,425,sbro,1,5.25
2021-03-21,PHO,-550,sbro,1,1.1818181818181819
2021-03-21,DAL,-130,sbro,1,1.7692307692307692
2021-03-21,POR,110,sbro,1,2.1
2021-03-22,SAC,-180,sbro,1,1.5555555555555556
2021-03-22,CLE,160,sbro,1,2.6
2021-03-22,OKC,170,sbro,1,2.7
2021-03-22,MIN,-190,sbro,1,1.5263157894736843
2021-03-22,CHO,190,sbro,1,2.9
2021-03-22,SAS,-220,sbro,1,1.4545454545454546
2021-03-22,BOS,165,sbro,1,2.65
2021-03-22,MEM,-185,sbro,1,1.5405405405405406
2021-03-22,IND,230,sbro,1,3.3
2021-03-22,MIL,-270,sbro,1,1.3703703703703705
2021-03-22,TOR,-380,sbro,1,1.263157894736842
2021-03-22,HOU,320,sbro,1,4.2
2021-03-22,UTA,-500,sbro,1,1.2
2021-03-22,CHI,400,sbro,1,5.0
2021-03-22,ATL,220,sbro,1,3.2
2021-03-22,LAC,-260,sbro,1,1.3846153846153846
2021-03-23,DEN,-350,sbro,1,1.2857142857142858
2021-03-23,ORL,290,sbro,1,3.9
2021-03-23,LAL,210,sbro,1,3.1
2021-03-23,NOP,-250,sbro,1,1.4
2021-03-23,WAS,130,sbro,1,2.3
2021-03-23,NYK,-150,sbro,1,1.6666666666666667
2021-03-23,PHO,-130,sbro,1,1.7692307692307692
2021-03-23,MIA,110,sbro,1,2.1
2021-03-23,PHI,-180,sbro,1,1.5555555555555556
2021-03-23,GSW,160,sbro,1,2.6
2021-03-23,BRK,120,sbro,1,2.2
2021-03-23,POR,-140,sbro,1,1.7142857142857142
2021-03-24,DET,250,sbro,1,3.5
2021-03-24,IND,-300,sbro,1,1.3333333333333333
2021-03-24,DEN,-125,sbro,1,1.8
2021-03-24,TOR,105,sbro,1,2.05
2021-03-24,BOS,245,sbro,1,3.45
2021-03-24,MIL,-290,sbro,1,1.3448275862068966
2021-03-24,PHO,-450,sbro,1,1.2222222222222223
2021-03-24,ORL,375,sbro,1,4.75
2021-03-24,DAL,-350,sbro,1,1.2857142857142858
2021-03-24,MIN,290,sbro,1,3.9
2021-03-24,CLE,265,sbro,1,3.65
2021-03-24,CHI,-320,sbro,1,1.3125
2021-03-24,CHO,-180,sbro,1,1.5555555555555556
2021-03-24,HOU,160,sbro,1,2.6
2021-03-24,MEM,-290,sbro,1,1.3448275862068966
2021-03-24,OKC,245,sbro,1,3.45
2021-03-24,LAC,-240,sbro,1,1.4166666666666667
2021-03-24,SAS,200,sbro,1,3.0
2021-03-24,ATL,-150,sbro,1,1.6666666666666667
2021-03-24,SAC,130,sbro,1,2.3
2021-03-24,BRK,700,sbro,1,8.0
2021-03-24,UTA,-1100,sbro,1,1.0909090909090908
2021-03-25,POR,-145,sbro,1,1.6896551724137931
2021-03-25,MIA,125,sbro,1,2.25
2021-03-25,WAS,120,sbro,1,2.2
2021-03-25,NYK,-140,sbro,1,1.7142857142857142
2021-03-25,LAC,-120,sbro,1,1.8333333333333333
2021-03-25,SAS,100,sbro,1,2.0
2021-03-25,GSW,165,sbro,1,2.65
2021-03-25,SAC,-185,sbro,1,1.5405405405405406
2021-03-25,PHI,-240,sbro,1,1.4166666666666667
2021-03-25,LAL,200,sbro,1,3.0
2021-03-26,BRK,-290,sbro,1,1.3448275862068966
2021-03-26,DET,245,sbro,1,3.45
2021-03-26,BOS,200,sbro,1,3.0
2021-03-26,MIL,-240,sbro,1,1.4166666666666667
2021-03-26,PHO,-170,sbro,1,1.588235294117647
2021-03-26,TOR,150,sbro,1,2.5
2021-03-26,DEN,-140,sbro,1,1.7142857142857142
2021-03-26,NOP,120,sbro,1,2.2
2021-03-26,HOU,150,sbro,1,2.5
2021-03-26,MIN,-170,sbro,1,1.588235294117647
2021-03-26,POR,-550,sbro,1,1.1818181818181819
2021-03-26,ORL,425,sbro,1,5.25
2021-03-26,MIA,-165,sbro,1,1.606060606060606
2021-03-26,CHO,145,sbro,1,2.45
2021-03-26,IND,-125,sbro,1,1.8
2021-03-26,DAL,105,sbro,1,2.05
2021-03-26,MEM,400,sbro,1,5.0
2021-03-26,UTA,-500,sbro,1,1.2
2021-03-26,ATL,-265,sbro,1,1.3773584905660377
2021-03-26,GSW,225,sbro,1,3.25
2021-03-26,CLE,165,sbro,1,2.65
2021-03-26,LAL,-185,sbro,1,1.5405405405405406
2021-03-27,DET,180,sbro,1,2.8
2021-03-27,WAS,-210,sbro,1,1.4761904761904763
2021-03-27,HOU,155,sbro,1,2.55
2021-03-27,MIN,-175,sbro,1,1.5714285714285714
2021-03-27,NYK,-135,sbro,1,1.7407407407407407
2021-03-27,MIL,115,sbro,1,2.15
2021-03-27,CHI,100,sbro,1,2.0
2021-03-27,SAS,-120,sbro,1,1.8333333333333333
2021-03-27,DAL,170,sbro,1,2.7
2021-03-27,NOP,-190,sbro,1,1.5263157894736843
2021-03-27,BOS,-255,sbro,1,1.392156862745098
2021-03-27,OKC,215,sbro,1,3.15
2021-03-27,MEM,350,sbro,1,4.5
2021-03-27,UTA,-420,sbro,1,1.2380952380952381
2021-03-27,CLE,325,sbro,1,4.25
2021-03-27,SAC,-390,sbro,1,1.2564102564102564
2021-03-27,PHI,195,sbro,1,2.95
2021-03-27,LAC,-225,sbro,1,1.4444444444444444
2021-03-28,PHO,-250,sbro,1,1.4
2021-03-28,CHO,210,sbro,1,3.1
2021-03-28,POR,-135,sbro,1,1.7407407407407407
2021-03-28,TOR,115,sbro,1,2.15
2021-03-28,ATL,175,sbro,1,2.75
2021-03-28,DEN,-200,sbro,1,1.5
2021-03-28,ORL,240,sbro,1,3.4
2021-03-28,LAL,-280,sbro,1,1.3571428571428572
2021-03-29,IND,-280,sbro,1,1.3571428571428572
2021-03-29,WAS,240,sbro,1,3.4
2021-03-29,MIN,500,sbro,1,6.0
2021-03-29,BRK,-700,sbro,1,1.1428571428571428
2021-03-29,MIA,-160,sbro,1,1.625
2021-03-29,NYK,140,sbro,1,2.4
2021-03-29,NOP,130,sbro,1,2.3
2021-03-29,BOS,-150,sbro,1,1.6666666666666667
2021-03-29,MEM,-370,sbro,1,1.2702702702702702
2021-03-29,HOU,310,sbro,1,4.1
2021-03-29,DAL,-700,sbro,1,1.1428571428571428
2021-03-29,OKC,500,sbro,1,6.0
2021-03-29,TOR,-210,sbro,1,1.4761904761904763
2021-03-29,DET,180,sbro,1,2.8
2021-03-29,SAC,120,sbro,1,2.2
2021-03-29,SAS,-140,sbro,1,1.7142857142857142
2021-03-29,CLE,1100,sbro,1,12.0
2021-03-29,UTA,-2500,sbro,1,1.04
2021-03-29,CHI,105,sbro,1,2.05
2021-03-29,GSW,-125,sbro,1,1.8
2021-03-29,MIL,-140,sbro,1,1.7142857142857142
2021-03-29,LAC,120,sbro,1,2.2
2021-03-30,CHO,-180,sbro,1,1.5555555555555556
2021-03-30,WAS,160,sbro,1,2.6
2021-03-30,PHI,190,sbro,1,2.9
2021-03-30,DEN,-220,sbro,1,1.4545454545454546
2021-03-30,ATL,190,sbro,1,2.9
2021-03-30,PHO,-220,sbro,1,1.4545454545454546
2021-03-30,ORL,500,sbro,1,6.0
2021-03-30,LAC,-700,sbro,1,1.1428571428571428
2021-03-31,MIA,-125,sbro,1,1.8
2021-03-31,IND,105,sbro,1,2.05
2021-03-31,POR,-310,sbro,1,1.3225806451612903
2021-03-31,DET,260,sbro,1,3.6
2021-03-31,HOU,700,sbro,1,8.0
2021-03-31,BRK,-1100,sbro,1,1.0909090909090908
2021-03-31,DAL,100,sbro,1,2.0
2021-03-31,BOS,-120,sbro,1,1.8333333333333333
2021-03-31,UTA,-230,sbro,1,1.434782608695652
2021-03-31,MEM,195,sbro,1,2.95
2021-03-31,NYK,-155,sbro,1,1.6451612903225807
2021-03-31,MIN,135,sbro,1,2.35
2021-03-31,TOR,-335,sbro,1,1.2985074626865671
2021-03-31,OKC,275,sbro,1,3.75
2021-03-31,SAC,120,sbro,1,2.2
2021-03-31,SAS,-140,sbro,1,1.7142857142857142
2021-03-31,MIL,-380,sbro,1,1.263157894736842
2021-03-31,LAL,320,sbro,1,4.2
2021-03-31,CHI,320,sbro,1,4.2
2021-03-31,PHO,-380,sbro,1,1.263157894736842
2021-04-01,PHI,-500,sbro,1,1.2
2021-04-01,CLE,400,sbro,1,5.0
2021-04-01,WAS,-115,sbro,1,1.8695652173913044
2021-04-01,DET,-105,sbro,1,1.9523809523809523
2021-04-01,CHO,120,sbro,1,2.2
2021-04-01,BRK,-140,sbro,1,1.7142857142857142
2021-04-01,GSW,130,sbro,1,2.3
2021-04-01,MIA,-150,sbro,1,1.6666666666666667
2021-04-01,ORL,180,sbro,1,2.8
2021-04-01,NOP,-210,sbro,1,1.4761904761904763
2021-04-01,ATL,-105,sbro,1,1.9523809523809523
2021-04-01,SAS,-115,sbro,1,1.8695652173913044
2021-04-01,DEN,110,sbro,1,2.1
2021-04-01,LAC,-130,sbro,1,1.7692307692307692
2021-04-02,GSW,175,sbro,1,2.75
2021-04-02,TOR,-200,sbro,1,1.5
2021-04-02,HOU,575,sbro,1,6.75
2021-04-02,BOS,-850,sbro,1,1.1176470588235294
2021-04-02,DAL,-200,sbro,1,1.5
2021-04-02,NYK,175,sbro,1,2.75
2021-04-02,CHO,170,sbro,1,2.7
2021-04-02,IND,-190,sbro,1,1.5263157894736843
2021-04-02,MIN,215,sbro,1,3.15
2021-04-02,MEM,-255,sbro,1,1.392156862745098
2021-04-02,ATL,-120,sbro,1,1.8333333333333333
2021-04-02,NOP,100,sbro,1,2.0
2021-04-02,CHI,525,sbro,1,6.25
2021-04-02,UTA,-750,sbro,1,1.1333333333333333
2021-04-02,OKC,825,sbro,1,9.25
2021-04-02,PHO,-1450,sbro,1,1.0689655172413792
2021-04-02,MIL,-150,sbro,1,1.6666666666666667
2021-04-02,POR,130,sbro,1,2.3
2021-04-02,LAL,170,sbro,1,2.7
2021-04-02,SAC,-190,sbro,1,1.5263157894736843
2021-04-03,DAL,-220,sbro,1,1.4545454545454546
2021-04-03,WAS,190,sbro,1,2.9
2021-04-03,CLE,650,sbro,1,7.5
2021-04-03,MIA,-1000,sbro,1,1.1
2021-04-03,MIN,750,sbro,1,8.5
2021-04-03,PHI,-1200,sbro,1,1.0833333333333333
2021-04-03,NYK,-145,sbro,1,1.6896551724137931
2021-04-03,DET,125,sbro,1,2.25
2021-04-03,IND,220,sbro,1,3.2
2021-04-03,SAS,-260,sbro,1,1.3846153846153846
2021-04-03,ORL,925,sbro,1,10.25
2021-04-03,UTA,-1700,sbro,1,1.0588235294117647
2021-04-03,MIL,-145,sbro,1,1.6896551724137931
2021-04-03,SAC,125,sbro,1,2.25
2021-04-03,OKC,600,sbro,1,7.0
2021-04-03,POR,-900,sbro,1,1.1111111111111112
2021-04-04,BRK,-140,sbro,1,1.7142857142857142
2021-04-04,CHI,120,sbro,1,2.2
2021-04-04,LAL,450,sbro,1,5.5
2021-04-04,LAC,-600,sbro,1,1.1666666666666667
2021-04-04,CHO,350,sbro,1,4.5
2021-04-04,BOS,-420,sbro,1,1.2380952380952381
2021-04-04,MEM,140,sbro,1,2.4
2021-04-04,PHI,-160,sbro,1,1.625
2021-04-04,GSW,100,sbro,1,2.0
2021-04-04,ATL,-120,sbro,1,1.8333333333333333
2021-04-04,NOP,-155,sbro,1,1.6451612903225807
2021-04-04,HOU,135,sbro,1,2.35
2021-04-04,ORL,1000,sbro,1,11.0
2021-04-04,DEN,-2000,sbro,1,1.05
2021-04-05,DET,-150,sbro,1,1.6666666666666667
2021-04-05,OKC,130,sbro,1,2.3
2021-04-05,WAS,190,sbro,1,2.9
2021-04-05,TOR,-220,sbro,1,1.4545454545454546
2021-04-05,NYK,200,sbro,1,3.0
2021-04-05,BRK,-240,sbro,1,1.4166666666666667
2021-04-05,SAC,-165,sbro,1,1.606060606060606
2021-04-05,MIN,145,sbro,1,2.45
2021-04-05,UTA,-220,sbro,1,1.4545454545454546
2021-04-05,DAL,190,sbro,1,2.9
2021-04-05,CLE,290,sbro,1,3.9
2021-04-05,SAS,-350,sbro,1,1.2857142857142858
2021-04-05,PHO,-1200,sbro,1,1.0833333333333333
2021-04-05,HOU,750,sbro,1,8.5
2021-04-06,CHI,-130,sbro,1,1.7692307692307692
2021-04-06,IND,110,sbro,1,2.1
2021-04-06,PHI,-110,sbro,1,1.9090909090909092
2021-04-06,BOS,-110,sbro,1,1.9090909090909092
2021-04-06,NOP,145,sbro,1,2.45
2021-04-06,ATL,-165,sbro,1,1.606060606060606
2021-04-06,LAL,-115,sbro,1,1.8695652173913044
2021-04-06,TOR,-105,sbro,1,1.9523809523809523
2021-04-06,MEM,195,sbro,1,2.95
2021-04-06,MIA,-230,sbro,1,1.434782608695652
2021-04-06,DET,575,sbro,1,6.75
2021-04-06,DEN,-850,sbro,1,1.1176470588235294
2021-04-06,POR,195,sbro,1,2.95
2021-04-06,LAC,-235,sbro,1,1.425531914893617
2021-04-06,MIL,-140,sbro,1,1.7142857142857142
2021-04-06,GSW,120,sbro,1,2.2
2021-04-07,MIN,-120,sbro,1,1.8333333333333333
2021-04-07,IND,100,sbro,1,2.0
2021-04-07,WAS,-190,sbro,1,1.5263157894736843
2021-04-07,ORL,170,sbro,1,2.7
2021-04-07,NYK,130,sbro,1,2.3
2021-04-07,BOS,-150,sbro,1,1.6666666666666667
2021-04-07,NOP,320,sbro,1,4.2
2021-04-07,BRK,-380,sbro,1,1.263157894736842
2021-04-07,DAL,-550,sbro,1,1.1818181818181819
2021-04-07,HOU,425,sbro,1,5.25
2021-04-07,CHO,-220,sbro,1,1.4545454545454546
2021-04-07,OKC,190,sbro,1,2.9
2021-04-07,MEM,-120,sbro,1,1.8333333333333333
2021-04-07,ATL,100,sbro,1,2.0
2021-04-07,SAS,175,sbro,1,2.75
2021-04-07,DEN,-200,sbro,1,1.5
2021-04-07,UTA,-145,sbro,1,1.6896551724137931
2021-04-07,PHO,125,sbro,1,2.25
2021-04-08,LAL,350,sbro,1,4.5
2021-04-08,MIA,-420,sbro,1,1.2380952380952381
2021-04-08,CLE,-170,sbro,1,1.588235294117647
2021-04-08,OKC,150,sbro,1,2.5
2021-04-08,MIL,125,sbro,1,2.25
2021-04-08,DAL,-145,sbro,1,1.6896551724137931
2021-04-08,PHO,200,sbro,1,3.0
2021-04-08,LAC,-240,sbro,1,1.4166666666666667
2021-04-08,POR,190,sbro,1,2.9
2021-04-08,UTA,-220,sbro,1,1.4545454545454546
2021-04-08,DET,250,sbro,1,3.5
2021-04-08,SAC,-300,sbro,1,1.3333333333333333
2021-04-08,CHI,-175,sbro,1,1.5714285714285714
2021-04-08,TOR,155,sbro,1,2.55
2021-04-09,IND,-250,sbro,1,1.4
2021-04-09,ORL,210,sbro,1,3.1
2021-04-09,MEM,-120,sbro,1,1.8333333333333333
2021-04-09,NYK,100,sbro,1,2.0
2021-04-09,CHI,120,sbro,1,2.2
2021-04-09,ATL,-140,sbro,1,1.7142857142857142
2021-04-09,MIN,320,sbro,1,4.2
2021-04-09,BOS,-380,sbro,1,1.263157894736842
2021-04-09,PHI,-220,sbro,1,1.4545454545454546
2021-04-09,NOP,190,sbro,1,2.9
2021-04-09,CHO,-140,sbro,1,1.7142857142857142
2021-04-09,MIL,120,sbro,1,2.2
2021-04-09,SAS,240,sbro,1,3.4
2021-04-09,DEN,-280,sbro,1,1.3571428571428572
2021-04-09,WAS,170,sbro,1,2.7
2021-04-09,GSW,-190,sbro,1,1.5263157894736843
2021-04-09,HOU,525,sbro,1,6.25
2021-04-09,LAC,-750,sbro,1,1.1333333333333333
2021-04-10,LAL,525,sbro,1,6.25
2021-04-10,BRK,-750,sbro,1,1.1333333333333333
2021-04-10,SAC,550,sbro,1,6.5
2021-04-10,UTA,-800,sbro,1,1.125
2021-04-10,PHI,-600,sbro,1,1.1666666666666667
2021-04-10,OKC,450,sbro,1,5.5
2021-04-10,WAS,750,sbro,1,8.5
2021-04-10,PHO,-1200,sbro,1,1.0833333333333333
2021-04-10,HOU,260,sbro,1,3.6
2021-04-10,GSW,-310,sbro,1,1.3225806451612903
2021-04-10,DET,550,sbro,1,6.5
2021-04-10,POR,-800,sbro,1,1.125
2021-04-10,TOR,120,sbro,1,2.2
2021-04-10,CLE,-140,sbro,1,1.7142857142857142
2021-04-11,ATL,120,sbro,1,2.2
2021-04-11,CHO,-140,sbro,1,1.7142857142857142
2021-04-11,BOS,155,sbro,1,2.55
2021-04-11,DEN,-175,sbro,1,1.5714285714285714
2021-04-11,MIL,-400,sbro,1,1.25
2021-04-11,ORL,330,sbro,1,4.3
2021-04-11,NOP,-450,sbro,1,1.2222222222222223
2021-04-11,CLE,375,sbro,1,4.75
2021-04-11,TOR,135,sbro,1,2.35
2021-04-11,NYK,-155,sbro,1,1.6451612903225807
2021-04-11,CHI,-175,sbro,1,1.5714285714285714
2021-04-11,MIN,155,sbro,1,2.55
2021-04-11,SAS,210,sbro,1,3.1
2021-04-11,DAL,-250,sbro,1,1.4
2021-04-11,IND,140,sbro,1,2.4
2021-04-11,MEM,-160,sbro,1,1.625
2021-04-11,MIA,-110,sbro,1,1.9090909090909092
2021-04-11,POR,-110,sbro,1,1.9090909090909092
2021-04-11,DET,650,sbro,1,7.5
2021-04-11,LAC,-1000,sbro,1,1.1
2021-04-12,LAL,-105,sbro,1,1.9523809523809523
2021-04-12,NYK,-115,sbro,1,1.8695652173913044
2021-04-12,SAS,-270,sbro,1,1.3703703703703705
2021-04-12,ORL,230,sbro,1,3.3
2021-04-12,PHI,-165,sbro,1,1.606060606060606
2021-04-12,DAL,145,sbro,1,2.45
2021-04-12,WAS,475,sbro,1,5.75
2021-04-12,UTA,-650,sbro,1,1.1538461538461537
2021-04-12,CHI,120,sbro,1,2.2
2021-04-12,MEM,-140,sbro,1,1.7142857142857142
2021-04-12,SAC,110,sbro,1,2.1
2021-04-12,NOP,-130,sbro,1,1.7692307692307692
2021-04-12,DEN,-200,sbro,1,1.5
2021-04-12,GSW,175,sbro,1,2.75
2021-04-12,HOU,600,sbro,1,7.0
2021-04-12,PHO,-900,sbro,1,1.1111111111111112
2021-04-13,ATL,105,sbro,1,2.05
2021-04-13,TOR,-125,sbro,1,1.8
2021-04-13,LAC,-160,sbro,1,1.625
2021-04-13,IND,140,sbro,1,2.4
2021-04-13,LAL,-120,sbro,1,1.8333333333333333
2021-04-13,CHO,100,sbro,1,2.0
2021-04-13,OKC,1200,sbro,1,13.0
2021-04-13,UTA,-3000,sbro,1,1.0333333333333334
2021-04-13,MIA,145,sbro,1,2.45
2021-04-13,PHO,-165,sbro,1,1.606060606060606
2021-04-13,BOS,-105,sbro,1,1.9523809523809523
2021-04-13,POR,-115,sbro,1,1.8695652173913044
2021-04-13,BRK,-280,sbro,1,1.3571428571428572
2021-04-13,MIN,240,sbro,1,3.4
2021-04-14,BRK,330,sbro,1,4.3
2021-04-14,PHI,-400,sbro,1,1.25
2021-04-14,CLE,135,sbro,1,2.35
2021-04-14,CHO,-155,sbro,1,1.6451612903225807
2021-04-14,SAS,-220,sbro,1,1.4545454545454546
2021-04-14,TOR,190,sbro,1,2.9
2021-04-14,ORL,450,sbro,1,5.5
2021-04-14,CHI,-600,sbro,1,1.1666666666666667
2021-04-14,NYK,115,sbro,1,2.15
2021-04-14,NOP,-135,sbro,1,1.7407407407407407
2021-04-14,MIL,-550,sbro,1,1.1818181818181819
2021-04-14,MIN,425,sbro,1,5.25
2021-04-14,LAC,-135,sbro,1,1.7407407407407407
2021-04-14,DET,115,sbro,1,2.15
2021-04-14,GSW,-900,sbro,1,1.1111111111111112
2021-04-14,OKC,600,sbro,1,7.0
2021-04-14,IND,-170,sbro,1,1.588235294117647
2021-04-14,HOU,150,sbro,1,2.5
2021-04-14,DAL,-150,sbro,1,1.6666666666666667
2021-04-14,MEM,130,sbro,1,2.3
2021-04-14,WAS,-130,sbro,1,1.7692307692307692
2021-04-14,SAC,110,sbro,1,2.1
2021-04-14,MIA,190,sbro,1,2.9
2021-04-14,DEN,-220,sbro,1,1.4545454545454546
2021-04-15,MIL,-175,sbro,1,1.5714285714285714
2021-04-15,ATL,155,sbro,1,2.55
2021-04-15,GSW,-230,sbro,1,1.434782608695652
2021-04-15,CLE,195,sbro,1,2.95
2021-04-15,BOS,-340,sbro,1,1.2941176470588236
2021-04-15,LAL,280,sbro,1,3.8
2021-04-15,SAC,600,sbro,1,7.0
2021-04-15,PHO,-900,sbro,1,1.1111111111111112
2021-04-16,IND,425,sbro,1,5.25
2021-04-16,UTA,-550,sbro,1,1.1818181818181819
2021-04-16,LAC,170,sbro,1,2.7
2021-04-16,PHI,-190,sbro,1,1.5263157894736843
2021-04-16,OKC,135,sbro,1,2.35
2021-04-16,DET,-155,sbro,1,1.6451612903225807
2021-04-16,NOP,-150,sbro,1,1.6666666666666667
2021-04-16,WAS,130,sbro,1,2.3
2021-04-16,CHO,625,sbro,1,7.25
2021-04-16,BRK,-950,sbro,1,1.105263157894737
2021-04-16,ORL,135,sbro,1,2.35
2021-04-16,TOR,-155,sbro,1,1.6451612903225807
2021-04-16,MEM,-165,sbro,1,1.606060606060606
2021-04-16,CHI,145,sbro,1,2.45
2021-04-16,MIA,-260,sbro,1,1.3846153846153846
2021-04-16,MIN,220,sbro,1,3.2
2021-04-16,DEN,-410,sbro,1,1.2439024390243902
2021-04-16,HOU,340,sbro,1,4.4
2021-04-16,POR,105,sbro,1,2.05
2021-04-16,SAS,-125,sbro,1,1.8
2021-04-16,NYK,210,sbro,1,3.1
2021-04-16,DAL,-250,sbro,1,1.4
2021-04-17,UTA,100,sbro,1,2.0
2021-04-17,LAL,-120,sbro,1,1.8333333333333333
2021-04-17,DET,170,sbro,1,2.7
2021-04-17,WAS,-190,sbro,1,1.5263157894736843
2021-04-17,CLE,130,sbro,1,2.3
2021-04-17,CHI,-150,sbro,1,1.6666666666666667
2021-04-17,GSW,130,sbro,1,2.3
2021-04-17,BOS,-150,sbro,1,1.6666666666666667
2021-04-17,MEM,315,sbro,1,4.15
2021-04-17,MIL,-375,sbro,1,1.2666666666666666
2021-04-17,SAS,575,sbro,1,6.75
2021-04-17,PHO,-850,sbro,1,1.1176470588235294
2021-04-18,IND,110,sbro,1,2.1
2021-04-18,ATL,-130,sbro,1,1.7692307692307692
2021-04-18,NOP,-125,sbro,1,1.8
2021-04-18,NYK,105,sbro,1,2.05
2021-04-18,BRK,-200,sbro,1,1.5
2021-04-18,MIA,175,sbro,1,2.75
2021-04-18,POR,-200,sbro,1,1.5
2021-04-18,CHO,175,sbro,1,2.75
2021-04-18,OKC,190,sbro,1,2.9
2021-04-18,TOR,-220,sbro,1,1.4545454545454546
2021-04-18,HOU,-115,sbro,1,1.8695652173913044
2021-04-18,ORL,-105,sbro,1,1.9523809523809523
2021-04-18,SAC,340,sbro,1,4.4
2021-04-18,DAL,-410,sbro,1,1.2439024390243902
2021-04-18,MIN,550,sbro,1,6.5
2021-04-18,LAC,-800,sbro,1,1.125
2021-04-19,CLE,-170,sbro,1,1.588235294117647
2021-04-19,DET,150,sbro,1,2.5
2021-04-19,GSW,170,sbro,1,2.7
2021-04-19,PHI,-190,sbro,1,1.5263157894736843
2021-04-19,CHI,165,sbro,1,2.65
2021-04-19,BOS,-185,sbro,1,1.5405405405405406
2021-04-19,HOU,170,sbro,1,2.7
2021-04-19,MIA,-190,sbro,1,1.5263157894736843
2021-04-19,OKC,650,sbro,1,7.5
2021-04-19,WAS,-1000,sbro,1,1.1
2021-04-19,PHO,130,sbro,1,2.3
2021-04-19,MIL,-150,sbro,1,1.6666666666666667
2021-04-19,SAS,-160,sbro,1,1.625
2021-04-19,IND,140,sbro,1,2.4
2021-04-19,MEM,280,sbro,1,3.8
2021-04-19,DEN,-340,sbro,1,1.2941176470588236
2021-04-19,UTA,-270,sbro,1,1.3703703703703705
2021-04-19,LAL,230,sbro,1,3.3
2021-04-20,ORL,600,sbro,1,7.0
2021-04-20,ATL,-900,sbro,1,1.1111111111111112
2021-04-20,BRK,130,sbro,1,2.3
2021-04-20,NOP,-150,sbro,1,1.6666666666666667
2021-04-20,CHO,175,sbro,1,2.75
2021-04-20,NYK,-200,sbro,1,1.5
2021-04-20,MIN,135,sbro,1,2.35
2021-04-20,SAC,-155,sbro,1,1.6451612903225807
2021-04-20,LAC,-210,sbro,1,1.4761904761904763
2021-04-20,POR,180,sbro,1,2.8
2021-04-21,PHO,-155,sbro,1,1.6451612903225807
2021-04-21,PHI,135,sbro,1,2.35
2021-04-21,GSW,-140,sbro,1,1.7142857142857142
2021-04-21,WAS,120,sbro,1,2.2
2021-04-21,OKC,310,sbro,1,4.1
2021-04-21,IND,-370,sbro,1,1.2702702702702702
2021-04-21,CHI,-135,sbro,1,1.7407407407407407
2021-04-21,CLE,115,sbro,1,2.15
2021-04-21,BRK,165,sbro,1,2.65
2021-04-21,TOR,-185,sbro,1,1.5405405405405406
2021-04-21,UTA,-700,sbro,1,1.1428571428571428
2021-04-21,HOU,500,sbro,1,6.0
2021-04-21,ATL,-125,sbro,1,1.8
2021-04-21,NYK,105,sbro,1,2.05
2021-04-21,MIA,-130,sbro,1,1.7692307692307692
2021-04-21,SAS,110,sbro,1,2.1
2021-04-21,DET,500,sbro,1,6.0
2021-04-21,DAL,-700,sbro,1,1.1428571428571428
2021-04-21,MEM,-180,sbro,1,1.5555555555555556
2021-04-21,LAC,160,sbro,1,2.6
2021-04-21,DEN,-120,sbro,1,1.8333333333333333
2021-04-21,POR,100,sbro,1,2.0
2021-04-21,MIN,135,sbro,1,2.35
2021-04-21,SAC,-155,sbro,1,1.6451612903225807
2021-04-22,NOP,-500,sbro,1,1.2
2021-04-22,ORL,400,sbro,1,5.0
2021-04-22,PHO,-120,sbro,1,1.8333333333333333
2021-04-22,BOS,100,sbro,1,2.0
2021-04-22,PHI,235,sbro,1,3.35
2021-04-22,MIL,-275,sbro,1,1.3636363636363635
2021-04-22,DET,210,sbro,1,3.1
2021-04-22,SAS,-250,sbro,1,1.4
2021-04-22,CHO,100,sbro,1,2.0
2021-04-22,CHI,-120,sbro,1,1.8333333333333333
2021-04-22,LAL,140,sbro,1,2.4
2021-04-22,DAL,-160,sbro,1,1.625
2021-04-23,BOS,135,sbro,1,2.35
2021-04-23,BRK,-155,sbro,1,1.6451612903225807
2021-04-23,MIA,-260,sbro,1,1.3846153846153846
2021-04-23,ATL,220,sbro,1,3.2
2021-04-23,CLE,100,sbro,1,2.0
2021-04-23,CHO,-120,sbro,1,1.8333333333333333
2021-04-23,WAS,-450,sbro,1,1.2222222222222223
2021-04-23,OKC,375,sbro,1,4.75
2021-04-23,LAC,-430,sbro,1,1.2325581395348837
2021-04-23,HOU,360,sbro,1,4.6
2021-04-23,MEM,155,sbro,1,2.55
2021-04-23,POR,-175,sbro,1,1.5714285714285714
2021-04-23,DEN,-140,sbro,1,1.7142857142857142
2021-04-23,GSW,120,sbro,1,2.2
2021-04-24,TOR,-110,sbro,1,1.9090909090909092
2021-04-24,NYK,-110,sbro,1,1.9090909090909092
2021-04-24,PHI,330,sbro,1,4.3
2021-04-24,MIL,-400,sbro,1,1.25
2021-04-24,DET,165,sbro,1,2.65
2021-04-24,IND,-185,sbro,1,1.5405405405405406
2021-04-24,SAS,130,sbro,1,2.3
2021-04-24,NOP,-150,sbro,1,1.6666666666666667
2021-04-24,CHI,170,sbro,1,2.7
2021-04-24,MIA,-190,sbro,1,1.5263157894736843
2021-04-24,LAL,105,sbro,1,2.05
2021-04-24,DAL,-125,sbro,1,1.8
2021-04-24,MIN,600,sbro,1,7.0
2021-04-24,UTA,-900,sbro,1,1.1111111111111112
2021-04-24,HOU,800,sbro,1,9.0
2021-04-24,DEN,-1400,sbro,1,1.0714285714285714
2021-04-25,BOS,-340,sbro,1,1.2941176470588236
2021-04-25,CHO,280,sbro,1,3.8
2021-04-25,PHO,-105,sbro,1,1.9523809523809523
2021-04-25,BRK,-115,sbro,1,1.8695652173913044
2021-04-25,MEM,140,sbro,1,2.4
2021-04-25,POR,-160,sbro,1,1.625
2021-04-25,CLE,270,sbro,1,3.7
2021-04-25,WAS,-330,sbro,1,1.303030303030303
2021-04-25,MIL,-240,sbro,1,1.4166666666666667
2021-04-25,ATL,200,sbro,1,3.0
2021-04-25,IND,-230,sbro,1,1.434782608695652
2021-04-25,ORL,195,sbro,1,2.95
2021-04-25,SAC,270,sbro,1,3.7
2021-04-25,GSW,-330,sbro,1,1.303030303030303
2021-04-26,LAL,-800,sbro,1,1.125
2021-04-26,ORL,550,sbro,1,6.5
2021-04-26,SAS,-135,sbro,1,1.7407407407407407
2021-04-26,WAS,115,sbro,1,2.15
2021-04-26,ATL,-170,sbro,1,1.588235294117647
2021-04-26,DET,150,sbro,1,2.5
2021-04-26,OKC,1100,sbro,1,12.0
2021-04-26,PHI,-2500,sbro,1,1.04
2021-04-26,PHO,-140,sbro,1,1.7142857142857142
2021-04-26,NYK,120,sbro,1,2.2
2021-04-26,CLE,575,sbro,1,6.75
2021-04-26,TOR,-850,sbro,1,1.1176470588235294
2021-04-26,CHI,200,sbro,1,3.0
2021-04-26,MIA,-240,sbro,1,1.4166666666666667
2021-04-26,UTA,-550,sbro,1,1.1818181818181819
2021-04-26,MIN,425,sbro,1,5.25
2021-04-26,LAC,-130,sbro,1,1.7692307692307692
2021-04-26,NOP,110,sbro,1,2.1
2021-04-26,MEM,155,sbro,1,2.55
2021-04-26,DEN,-175,sbro,1,1.5714285714285714
2021-04-26,DAL,-250,sbro,1,1.4
2021-04-26,SAC,210,sbro,1,3.1
2021-04-27,POR,-220,sbro,1,1.4545454545454546
2021-04-27,IND,190,sbro,1,2.9
2021-04-27,MIL,-420,sbro,1,1.2380952380952381
2021-04-27,CHO,350,sbro,1,4.5
2021-04-27,OKC,550,sbro,1,6.5
2021-04-27,BOS,-800,sbro,1,1.125
2021-04-27,BRK,-200,sbro,1,1.5
2021-04-27,TOR,175,sbro,1,2.75
2021-04-27,MIN,-130,sbro,1,1.7692307692307692
2021-04-27,HOU,110,sbro,1,2.1
2021-04-27,DAL,150,sbro,1,2.5
2021-04-27,GSW,-170,sbro,1,1.588235294117647
2021-04-28,ATL,375,sbro,1,4.75
2021-04-28,PHI,-450,sbro,1,1.2222222222222223
2021-04-28,LAL,-115,sbro,1,1.8695652173913044
2021-04-28,WAS,-105,sbro,1,1.9523809523809523
2021-04-28,ORL,145,sbro,1,2.45
2021-04-28,CLE,-165,sbro,1,1.606060606060606
2021-04-28,CHO,220,sbro,1,3.2
2021-04-28,BOS,-260,sbro,1,1.3846153846153846
2021-04-28,CHI,155,sbro,1,2.55
2021-04-28,NYK,-175,sbro,1,1.5714285714285714
2021-04-28,SAS,175,sbro,1,2.75
2021-04-28,MIA,-200,sbro,1,1.5
2021-04-28,NOP,150,sbro,1,2.5
2021-04-28,DEN,-170,sbro,1,1.588235294117647
2021-04-28,POR,100,sbro,1,2.0
2021-04-28,MEM,-120,sbro,1,1.8333333333333333
2021-04-28,UTA,-380,sbro,1,1.263157894736842
2021-04-28,SAC,320,sbro,1,4.2
2021-04-28,LAC,160,sbro,1,2.6
2021-04-28,PHO,-180,sbro,1,1.5555555555555556
2021-04-29,DAL,-320,sbro,1,1.3125
2021-04-29,DET,265,sbro,1,3.65
2021-04-29,BRK,-210,sbro,1,1.4761904761904763
2021-04-29,IND,180,sbro,1,2.8
2021-04-29,GSW,-180,sbro,1,1.5555555555555556
2021-04-29,MIN,160,sbro,1,2.6
2021-04-29,MIL,-1250,sbro,1,1.08
2021-04-29,HOU,800,sbro,1,9.0
2021-04-29,TOR,160,sbro,1,2.6
2021-04-29,DEN,-180,sbro,1,1.5555555555555556
2021-04-29,NOP,-420,sbro,1,1.2380952380952381
2021-04-29,OKC,350,sbro,1,4.5
2021-04-30,ATL,275,sbro,1,3.75
2021-04-30,PHI,-335,sbro,1,1.2985074626865671
2021-04-30,WAS,-265,sbro,1,1.3773584905660377
2021-04-30,CLE,225,sbro,1,3.25
2021-04-30,SAS,160,sbro,1,2.6
2021-04-30,BOS,-180,sbro,1,1.5555555555555556
2021-04-30,ORL,600,sbro,1,7.0
2021-04-30,MEM,-900,sbro,1,1.1111111111111112
2021-04-30,POR,-150,sbro,1,1.6666666666666667
2021-04-30,BRK,130,sbro,1,2.3
2021-04-30,MIL,-130,sbro,1,1.7692307692307692
2021-04-30,CHI,110,sbro,1,2.1
2021-04-30,UTA,140,sbro,1,2.4
2021-04-30,PHO,-160,sbro,1,1.625
2021-04-30,SAC,475,sbro,1,5.75
2021-04-30,LAL,-650,sbro,1,1.1538461538461537
2021-05-01,DET,265,sbro,1,3.65
2021-05-01,CHO,-320,sbro,1,1.3125
2021-05-01,GSW,-380,sbro,1,1.263157894736842
2021-05-01,HOU,320,sbro,1,4.2
2021-05-01,NOP,-160,sbro,1,1.625
2021-05-01,MIN,140,sbro,1,2.4
2021-05-01,MIA,-800,sbro,1,1.125
2021-05-01,CLE,550,sbro,1,6.5
2021-05-01,CHI,310,sbro,1,4.1
2021-05-01,ATL,-370,sbro,1,1.2702702702702702
2021-05-01,IND,-380,sbro,1,1.263157894736842
2021-05-01,OKC,320,sbro,1,4.2
2021-05-01,MEM,-800,sbro,1,1.125
2021-05-01,ORL,550,sbro,1,6.5
2021-05-01,WAS,175,sbro,1,2.75
2021-05-01,DAL,-200,sbro,1,1.5
2021-05-01,DEN,210,sbro,1,3.1
2021-05-01,LAC,-250,sbro,1,1.4
2021-05-01,TOR,225,sbro,1,3.25
2021-05-01,UTA,-265,sbro,1,1.3773584905660377
2021-05-02,BRK,125,sbro,1,2.25
2021-05-02,MIL,-145,sbro,1,1.6896551724137931
2021-05-02,POR,-120,sbro,1,1.8333333333333333
2021-05-02,BOS,100,sbro,1,2.0
2021-05-02,NYK,-650,sbro,1,1.1538461538461537
2021-05-02,HOU,475,sbro,1,5.75
2021-05-02,PHI,-600,sbro,1,1.1666666666666667
2021-05-02,SAS,450,sbro,1,5.5
2021-05-02,MIA,-220,sbro,1,1.4545454545454546
2021-05-02,CHO,190,sbro,1,2.9
2021-05-02,SAC,235,sbro,1,3.35
2021-05-02,DAL,-275,sbro,1,1.3636363636363635
2021-05-02,PHO,-1600,sbro,1,1.0625
2021-05-02,OKC,900,sbro,1,10.0
2021-05-02,TOR,400,sbro,1,5.0
2021-05-02,LAL,-500,sbro,1,1.2
2021-05-03,ORL,110,sbro,1,2.1
2021-05-03,DET,-130,sbro,1,1.7692307692307692
2021-05-03,IND,170,sbro,1,2.7
2021-05-03,WAS,-190,sbro,1,1.5263157894736843
2021-05-03,GSW,110,sbro,1,2.1
2021-05-03,NOP,-130,sbro,1,1.7692307692307692
2021-05-03,POR,115,sbro,1,2.15
2021-05-03,ATL,-135,sbro,1,1.7407407407407407
2021-05-03,PHI,-310,sbro,1,1.3225806451612903
2021-05-03,CHI,260,sbro,1,3.6
2021-05-03,NYK,160,sbro,1,2.6
2021-05-03,MEM,-180,sbro,1,1.5555555555555556
2021-05-03,SAS,270,sbro,1,3.7
2021-05-03,UTA,-330,sbro,1,1.303030303030303
2021-05-03,DEN,-180,sbro,1,1.5555555555555556
2021-05-03,LAL,160,sbro,1,2.6
2021-05-04,PHO,-1100,sbro,1,1.0909090909090908
2021-05-04,CLE,700,sbro,1,8.0
2021-05-04,CHO,-180,sbro,1,1.5555555555555556
2021-05-04,DET,160,sbro,1,2.6
2021-05-04,BRK,105,sbro,1,2.05
2021-05-04,MIL,-125,sbro,1,1.8
2021-05-04,SAC,-210,sbro,1,1.4761904761904763
2021-05-04,OKC,180,sbro,1,2.8
2021-05-04,GSW,110,sbro,1,2.1
2021-05-04,NOP,-130,sbro,1,1.7692307692307692
2021-05-04,DAL,-110,sbro,1,1.9090909090909092
2021-05-04,MIA,-110,sbro,1,1.9090909090909092
2021-05-04,TOR,525,sbro,1,6.25
2021-05-04,LAC,-750,sbro,1,1.1333333333333333
2021-05-05,BOS,-950,sbro,1,1.105263157894737
2021-05-05,ORL,625,sbro,1,7.25
2021-05-05,POR,-900,sbro,1,1.1111111111111112
2021-05-05,CLE,600,sbro,1,7.0
2021-05-05,MEM,-160,sbro,1,1.625
2021-05-05,MIN,140,sbro,1,2.4
2021-05-05,PHO,-115,sbro,1,1.8695652173913044
2021-05-05,ATL,-105,sbro,1,1.9523809523809523
2021-05-05,PHI,-1500,sbro,1,1.0666666666666667
2021-05-05,HOU,850,sbro,1,9.5
2021-05-05,SAC,210,sbro,1,3.1
2021-05-05,IND,-250,sbro,1,1.4
2021-05-05,WAS,155,sbro,1,2.55
2021-05-05,MIL,-175,sbro,1,1.5714285714285714
2021-05-05,SAS,240,sbro,1,3.4
2021-05-05,UTA,-280,sbro,1,1.3571428571428572
2021-05-05,NYK,140,sbro,1,2.4
2021-05-05,DEN,-160,sbro,1,1.625
2021-05-06,CHI,-180,sbro,1,1.5555555555555556
2021-05-06,CHO,160,sbro,1,2.6
2021-05-06,BRK,-150,sbro,1,1.6666666666666667
2021-05-06,DAL,130,sbro,1,2.3
2021-05-06,WAS,-135,sbro,1,1.7407407407407407
2021-05-06,TOR,115,sbro,1,2.15
2021-05-06,MEM,-450,sbro,1,1.2222222222222223
2021-05-06,DET,375,sbro,1,4.75
2021-05-06,ATL,-245,sbro,1,1.4081632653061225
2021-05-06,IND,205,sbro,1,3.05
2021-05-06,OKC,825,sbro,1,9.25
2021-05-06,GSW,-1350,sbro,1,1.0740740740740742
2021-05-06,LAL,320,sbro,1,4.2
2021-05-06,LAC,-380,sbro,1,1.263157894736842
2021-05-07,NOP,550,sbro,1,6.5
2021-05-07,PHI,-800,sbro,1,1.125
2021-05-07,BOS,-175,sbro,1,1.5714285714285714
2021-05-07,CHI,155,sbro,1,2.55
2021-05-07,HOU,1400,sbro,1,15.0
2021-05-07,MIL,-4000,sbro,1,1.025
2021-05-07,ORL,260,sbro,1,3.6
2021-05-07,CHO,-310,sbro,1,1.3225806451612903
2021-05-07,MIN,280,sbro,1,3.8
2021-05-07,MIA,-340,sbro,1,1.2941176470588236
2021-05-07,CLE,450,sbro,1,5.5
2021-05-07,DAL,-600,sbro,1,1.1666666666666667
2021-05-07,NYK,225,sbro,1,3.25
2021-05-07,PHO,-265,sbro,1,1.3773584905660377
2021-05-07,DEN,160,sbro,1,2.6
2021-05-07,UTA,-180,sbro,1,1.5555555555555556
2021-05-07,SAS,-190,sbro,1,1.5263157894736843
2021-05-07,SAC,170,sbro,1,2.7
2021-05-07,LAL,270,sbro,1,3.7
2021-05-07,POR,-330,sbro,1,1.303030303030303
2021-05-08,WAS,-180,sbro,1,1.5555555555555556
2021-05-08,IND,160,sbro,1,2.6
2021-05-08,DET,400,sbro,1,5.0
2021-05-08,PHI,-500,sbro,1,1.2
2021-05-08,MEM,-260,sbro,1,1.3846153846153846
2021-05-08,TOR,220,sbro,1,3.2
2021-05-08,BRK,-165,sbro,1,1.606060606060606
2021-05-08,DEN,145,sbro,1,2.45
2021-05-08,OKC,800,sbro,1,9.0
2021-05-08,GSW,-1250,sbro,1,1.08
2021-05-08,SAS,200,sbro,1,3.0
2021-05-08,POR,-240,sbro,1,1.4166666666666667
2021-05-08,HOU,1100,sbro,1,12.0
2021-05-08,UTA,-2500,sbro,1,1.04
2021-05-09,MIA,-110,sbro,1,1.9090909090909092
2021-05-09,BOS,-110,sbro,1,1.9090909090909092
2021-05-09,NYK,290,sbro,1,3.9
2021-05-09,LAC,-350,sbro,1,1.2857142857142858
2021-05-09,DAL,-600,sbro,1,1.1666666666666667
2021-05-09,CLE,450,sbro,1,5.5
2021-05-09,NOP,135,sbro,1,2.35
2021-05-09,CHO,-155,sbro,1,1.6451612903225807
2021-05-09,MIN,-300,sbro,1,1.3333333333333333
2021-05-09,ORL,250,sbro,1,3.5
2021-05-09,CHI,-450,sbro,1,1.2222222222222223
2021-05-09,DET,375,sbro,1,4.75
2021-05-09,PHO,-250,sbro,1,1.4
2021-05-09,LAL,210,sbro,1,3.1
2021-05-09,OKC,375,sbro,1,4.75
2021-05-09,SAC,-450,sbro,1,1.2222222222222223
2021-05-10,WAS,290,sbro,1,3.9
2021-05-10,ATL,-350,sbro,1,1.2857142857142858
2021-05-10,IND,-450,sbro,1,1.2222222222222223
2021-05-10,CLE,375,sbro,1,4.75
2021-05-10,NOP,400,sbro,1,5.0
2021-05-10,MEM,-500,sbro,1,1.2
2021-05-10,MIL,-300,sbro,1,1.3333333333333333
2021-05-10,SAS,250,sbro,1,3.5
2021-05-10,UTA,-125,sbro,1,1.8
2021-05-10,GSW,105,sbro,1,2.05
2021-05-10,HOU,900,sbro,1,10.0
2021-05-10,POR,-1600,sbro,1,1.0625
2021-05-11,MIN,-310,sbro,1,1.3225806451612903
2021-05-11,DET,260,sbro,1,3.6
2021-05-11,DEN,-240,sbro,1,1.4166666666666667
2021-05-11,CHO,200,sbro,1,3.0
2021-05-11,MIA,-120,sbro,1,1.8333333333333333
2021-05-11,BOS,100,sbro,1,2.0
2021-05-11,LAC,-1200,sbro,1,1.0833333333333333
2021-05-11,TOR,750,sbro,1,8.5
2021-05-11,BRK,-185,sbro,1,1.5405405405405406
2021-05-11,CHI,165,sbro,1,2.65
2021-05-11,DAL,-155,sbro,1,1.6451612903225807
2021-05-11,MEM,135,sbro,1,2.35
2021-05-11,PHI,-210,sbro,1,1.4761904761904763
2021-05-11,IND,180,sbro,1,2.8
2021-05-11,ORL,1000,sbro,1,11.0
2021-05-11,MIL,-2000,sbro,1,1.05
2021-05-11,PHO,-180,sbro,1,1.5555555555555556
2021-05-11,GSW,160,sbro,1,2.6
2021-05-11,OKC,375,sbro,1,4.75
2021-05-11,SAC,-450,sbro,1,1.2222222222222223
2021-05-11,NYK,125,sbro,1,2.25
2021-05-11,LAL,-145,sbro,1,1.6896551724137931
2021-05-12,WAS,235,sbro,1,3.35
2021-05-12,ATL,-275,sbro,1,1.3636363636363635
2021-05-12,SAS,175,sbro,1,2.75
2021-05-12,BRK,-200,sbro,1,1.5
2021-05-12,BOS,-250,sbro,1,1.4
2021-05-12,CLE,210,sbro,1,3.1
2021-05-12,POR,-105,sbro,1,1.9523809523809523
2021-05-12,UTA,-115,sbro,1,1.8695652173913044
2021-05-12,NOP,385,sbro,1,4.85
2021-05-12,DAL,-470,sbro,1,1.2127659574468086
2021-05-12,HOU,400,sbro,1,5.0
2021-05-12,LAL,-500,sbro,1,1.2
2021-05-13,LAC,-350,sbro,1,1.2857142857142858
2021-05-13,CHO,290,sbro,1,3.9
2021-05-13,MIL,-450,sbro,1,1.2222222222222223
2021-05-13,IND,375,sbro,1,4.75
2021-05-13,ORL,700,sbro,1,8.0
2021-05-13,ATL,-1100,sbro,1,1.0909090909090908
2021-05-13,SAS,175,sbro,1,2.75
2021-05-13,NYK,-200,sbro,1,1.5
2021-05-13,PHI,105,sbro,1,2.05
2021-05-13,MIA,-125,sbro,1,1.8
2021-05-13,SAC,290,sbro,1,3.9
2021-05-13,MEM,-350,sbro,1,1.2857142857142858
2021-05-13,TOR,450,sbro,1,5.5
2021-05-13,CHI,-600,sbro,1,1.1666666666666667
2021-05-13,DEN,-140,sbro,1,1.7142857142857142
2021-05-13,MIN,120,sbro,1,2.2
2021-05-13,POR,110,sbro,1,2.1
2021-05-13,PHO,-130,sbro,1,1.7692307692307692
2021-05-14,CLE,390,sbro,1,4.9
2021-05-14,WAS,-480,sbro,1,1.2083333333333333
2021-05-14,DEN,-400,sbro,1,1.25
2021-05-14,DET,330,sbro,1,4.3
2021-05-14,UTA,-2000,sbro,1,1.05
2021-05-14,OKC,1000,sbro,1,11.0
2021-05-14,ORL,900,sbro,1,10.0
2021-05-14,PHI,-1600,sbro,1,1.0625
2021-05-14,LAC,-300,sbro,1,1.3333333333333333
2021-05-14,HOU,250,sbro,1,3.5
2021-05-14,SAC,140,sbro,1,2.4
2021-05-14,MEM,-160,sbro,1,1.625
2021-05-14,TOR,950,sbro,1,10.5
2021-05-14,DAL,-1800,sbro,1,1.0555555555555556
2021-05-14,NOP,100,sbro,1,2.0
2021-05-14,GSW,-120,sbro,1,1.8333333333333333
2021-05-15,LAL,-400,sbro,1,1.25
2021-05-15,IND,330,sbro,1,4.3
2021-05-15,BOS,180,sbro,1,2.8
2021-05-15,MIN,-210,sbro,1,1.4761904761904763
2021-05-15,PHO,-700,sbro,1,1.1428571428571428
2021-05-15,SAS,500,sbro,1,6.0
2021-05-15,CHO,200,sbro,1,3.0
2021-05-15,NYK,-240,sbro,1,1.4166666666666667
2021-05-15,MIA,160,sbro,1,2.6
2021-05-15,MIL,-180,sbro,1,1.5555555555555556
2021-05-15,CHI,525,sbro,1,6.25
2021-05-15,BRK,-750,sbro,1,1.1333333333333333
2021-05-16,UTA,-800,sbro,1,1.125
2021-05-16,SAC,550,sbro,1,6.5
2021-05-16,HOU,270,sbro,1,3.7
2021-05-16,ATL,-330,sbro,1,1.303030303030303
2021-05-16,MEM,145,sbro,1,2.45
2021-05-16,GSW,-165,sbro,1,1.606060606060606
2021-05-16,PHO,-130,sbro,1,1.7692307692307692
2021-05-16,SAS,110,sbro,1,2.1
2021-05-16,CLE,900,sbro,1,10.0
2021-05-16,BRK,-1600,sbro,1,1.0625
2021-05-16,MIA,-170,sbro,1,1.588235294117647
2021-05-16,DET,150,sbro,1,2.5
2021-05-16,LAC,-360,sbro,1,1.2777777777777777
2021-05-16,OKC,300,sbro,1,4.0
2021-05-16,DAL,-280,sbro,1,1.3571428571428572
2021-05-16,MIN,240,sbro,1,3.4
2021-05-16,ORL,220,sbro,1,3.2
2021-05-16,PHI,-260,sbro,1,1.3846153846153846
2021-05-16,LAL,-450,sbro,1,1.2222222222222223
2021-05-16,NOP,375,sbro,1,4.75
2021-05-16,DEN,340,sbro,1,4.4
2021-05-16,POR,-410,sbro,1,1.2439024390243902
2021-05-16,MIL,-300,sbro,1,1.3333333333333333
2021-05-16,CHI,250,sbro,1,3.5
2021-05-16,CHO,235,sbro,1,3.35
2021-05-16,WAS,-275,sbro,1,1.3636363636363635
2021-05-16,BOS,650,sbro,1,7.5
2021-05-16,NYK,-1000,sbro,1,1.1
2021-05-16,IND,-240,sbro,1,1.4166666666666667
2021-05-16,TOR,200,sbro,1,3.0
2021-05-18,CHO,110,sbro,1,2.1
2021-05-18,IND,-130,sbro,1,1.7692307692307692
2021-05-18,WAS,110,sbro,1,2.1
2021-05-18,BOS,-130,sbro,1,1.7692307692307692
2021-05-19,SAS,170,sbro,1,2.7
2021-05-19,MEM,-190,sbro,1,1.5263157894736843
2021-05-19,GSW,205,sbro,1,3.05
2021-05-19,LAL,-245,sbro,1,1.4081632653061225
2021-05-20,IND,140,sbro,1,2.4
2021-05-20,WAS,-160,sbro,1,1.625
2021-05-21,MEM,185,sbro,1,2.85
2021-05-21,GSW,-215,sbro,1,1.4651162790697674
2021-05-22,MIA,190,sbro,1,2.9
2021-05-22,MIL,-220,sbro,1,1.4545454545454546
2021-05-22,BOS,320,sbro,1,4.2
2021-05-22,BRK,-380,sbro,1,1.263157894736842
2021-05-22,DAL,210,sbro,1,3.1
2021-05-22,LAC,-250,sbro,1,1.4
2021-05-22,POR,100,sbro,1,2.0
2021-05-22,DEN,-120,sbro,1,1.8333333333333333
2021-05-23,ATL,100,sbro,1,2.0
2021-05-23,NYK,-120,sbro,1,1.8333333333333333
2021-05-23,WAS,300,sbro,1,4.0
2021-05-23,PHI,-360,sbro,1,1.2777777777777777
2021-05-23,LAL,120,sbro,1,2.2
2021-05-23,PHO,-140,sbro,1,1.7142857142857142
2021-05-23,MEM,315,sbro,1,4.15
2021-05-23,UTA,-375,sbro,1,1.2666666666666666
2021-05-24,MIA,180,sbro,1,2.8
2021-05-24,MIL,-210,sbro,1,1.4761904761904763
2021-05-24,POR,110,sbro,1,2.1
2021-05-24,DEN,-130,sbro,1,1.7692307692307692
2021-05-25,BOS,400,sbro,1,5.0
2021-05-25,BRK,-500,sbro,1,1.2
2021-05-25,LAL,-135,sbro,1,1.7407407407407407
2021-05-25,PHO,115,sbro,1,2.15
2021-05-25,DAL,260,sbro,1,3.6
2021-05-25,LAC,-310,sbro,1,1.3225806451612903
2021-05-26,WAS,320,sbro,1,4.2
2021-05-26,PHI,-380,sbro,1,1.263157894736842
2021-05-26,ATL,115,sbro,1,2.15
2021-05-26,NYK,-135,sbro,1,1.7407407407407407
2021-05-26,MEM,425,sbro,1,5.25
2021-05-26,UTA,-550,sbro,1,1.1818181818181819
2021-05-27,MIL,-125,sbro,1,1.8
2021-05-27,MIA,105,sbro,1,2.05
2021-05-27,PHO,240,sbro,1,3.4
2021-05-27,LAL,-280,sbro,1,1.3571428571428572
2021-05-27,DEN,150,sbro,1,2.5
2021-05-27,POR,-170,sbro,1,1.588235294117647
2021-05-28,NYK,170,sbro,1,2.7
2021-05-28,ATL,-190,sbro,1,1.5263157894736843
2021-05-28,BRK,-330,sbro,1,1.303030303030303
2021-05-28,BOS,270,sbro,1,3.7
2021-05-28,LAC,-155,sbro,1,1.6451612903225807
2021-05-28,DAL,135,sbro,1,2.35
2021-05-29,MIL,-185,sbro,1,1.5405405405405406
2021-05-29,MIA,165,sbro,1,2.65
2021-05-29,DEN,175,sbro,1,2.75
2021-05-29,POR,-200,sbro,1,1.5
2021-05-29,PHI,-220,sbro,1,1.4545454545454546
2021-05-29,WAS,190,sbro,1,2.9
2021-05-29,UTA,-215,sbro,1,1.4651162790697674
2021-05-29,MEM,185,sbro,1,2.85
2021-05-30,NYK,170,sbro,1,2.7
2021-05-30,ATL,-190,sbro,1,1.5263157894736843
2021-05-30,PHO,250,sbro,1,3.5
2021-05-30,LAL,-300,sbro,1,1.3333333333333333
2021-05-30,BRK,-420,sbro,1,1.2380952380952381
2021-05-30,BOS,350,sbro,1,4.5
2021-05-30,LAC,-160,sbro,1,1.625
2021-05-30,DAL,140,sbro,1,2.4
2021-05-31,PHI,-380,sbro,1,1.263157894736842
2021-05-31,WAS,320,sbro,1,4.2
2021-05-31,UTA,-240,sbro,1,1.4166666666666667
2021-05-31,MEM,200,sbro,1,3.0
2021-06-01,BOS,750,sbro,1,8.5
2021-06-01,BRK,-1200,sbro,1,1.0833333333333333
2021-06-01,POR,115,sbro,1,2.15
2021-06-01,DEN,-135,sbro,1,1.7407407407407407
2021-06-01,LAL,175,sbro,1,2.75
2021-06-01,PHO,-200,sbro,1,1.5
2021-06-02,ATL,100,sbro,1,2.0
2021-06-02,NYK,-120,sbro,1,1.8333333333333333
2021-06-02,DAL,280,sbro,1,3.8
2021-06-02,LAC,-340,sbro,1,1.2941176470588236
2021-06-02,MEM,380,sbro,1,4.8
2021-06-02,UTA,-460,sbro,1,1.2173913043478262
2021-06-02,WAS,210,sbro,1,3.1
2021-06-02,PHI,-250,sbro,1,1.4
2021-06-03,PHO,120,sbro,1,2.2
2021-06-03,LAL,-140,sbro,1,1.7142857142857142
2021-06-03,DEN,175,sbro,1,2.75
2021-06-03,POR,-200,sbro,1,1.5
2021-06-04,LAC,-145,sbro,1,1.6896551724137931
2021-06-04,DAL,125,sbro,1,2.25
2021-06-05,MIL,145,sbro,1,2.45
2021-06-05,BRK,-165,sbro,1,1.606060606060606
2021-06-06,ATL,170,sbro,1,2.7
2021-06-06,PHI,-190,sbro,1,1.5263157894736843
2021-06-06,DAL,225,sbro,1,3.25
2021-06-06,LAC,-265,sbro,1,1.3773584905660377
2021-06-07,MIL,-135,sbro,1,1.7407407407407407
2021-06-07,BRK,115,sbro,1,2.15
2021-06-07,DEN,190,sbro,1,2.9
2021-06-07,PHO,-220,sbro,1,1.4545454545454546
2021-06-08,ATL,240,sbro,1,3.4
2021-06-08,PHI,-280,sbro,1,1.3571428571428572
2021-06-08,LAC,130,sbro,1,2.3
2021-06-08,UTA,-150,sbro,1,1.6666666666666667
2021-06-09,DEN,180,sbro,1,2.8
2021-06-09,PHO,-210,sbro,1,1.4761904761904763
2021-06-10,BRK,140,sbro,1,2.4
2021-06-10,MIL,-160,sbro,1,1.625
2021-06-10,LAC,120,sbro,1,2.2
2021-06-10,UTA,-140,sbro,1,1.7142857142857142
2021-06-11,PHI,-130,sbro,1,1.7692307692307692
2021-06-11,ATL,110,sbro,1,2.1
2021-06-11,PHO,110,sbro,1,2.1
2021-06-11,DEN,-130,sbro,1,1.7692307692307692
2021-06-12,UTA,175,sbro,1,2.75
2021-06-12,LAC,-200,sbro,1,1.5
2021-06-13,BRK,-135,sbro,1,1.7407407407407407
2021-06-13,MIL,115,sbro,1,2.15
2021-06-13,PHO,-155,sbro,1,1.6451612903225807
2021-06-13,DEN,135,sbro,1,2.35
2021-06-14,PHI,-150,sbro,1,1.6666666666666667
2021-06-14,ATL,130,sbro,1,2.3
2021-06-14,UTA,190,sbro,1,2.9
2021-06-14,LAC,-220,sbro,1,1.4545454545454546
2021-06-15,MIL,-120,sbro,1,1.8333333333333333
2021-06-15,BRK,100,sbro,1,2.0
2021-06-16,ATL,250,sbro,1,3.5
2021-06-16,PHI,-300,sbro,1,1.3333333333333333
2021-06-16,LAC,310,sbro,1,4.1
2021-06-16,UTA,-370,sbro,1,1.2702702702702702
2021-06-17,BRK,175,sbro,1,2.75
2021-06-17,MIL,-200,sbro,1,1.5
2021-06-18,PHI,175,sbro,1,2.75
2021-06-18,ATL,-200,sbro,1,1.5
2021-06-18,UTA,-155,sbro,1,1.6451612903225807
2021-06-18,LAC,135,sbro,1,2.35
2021-06-19,MIL,-145,sbro,1,1.6896551724137931
2021-06-19,BRK,125,sbro,1,2.25
2021-06-20,ATL,240,sbro,1,3.4
2021-06-20,PHI,-280,sbro,1,1.3571428571428572
2021-06-20,LAC,150,sbro,1,2.5
2021-06-20,PHO,-170,sbro,1,1.588235294117647
2021-06-22,LAC,165,sbro,1,2.65
2021-06-22,PHO,-185,sbro,1,1.5405405405405406
2021-06-23,ATL,300,sbro,1,4.0
2021-06-23,MIL,-360,sbro,1,1.2777777777777777
2021-06-24,PHO,-115,sbro,1,1.8695652173913044
2021-06-24,LAC,-105,sbro,1,1.9523809523809523
2021-06-25,ATL,310,sbro,1,4.1
2021-06-25,MIL,-370,sbro,1,1.2702702702702702
2021-06-26,PHO,-110,sbro,1,1.9090909090909092
2021-06-26,LAC,-110,sbro,1,1.9090909090909092
2021-06-27,MIL,-185,sbro,1,1.5405405405405406
2021-06-27,ATL,165,sbro,1,2.65
2021-06-28,LAC,240,sbro,1,3.4
2021-06-28,PHO,-280,sbro,1,1.3571428571428572
2021-06-29,MIL,-420,sbro,1,1.2380952380952381
2021-06-29,ATL,350,sbro,1,4.5
2021-06-30,PHO,-115,sbro,1,1.8695652173913044
2021-06-30,LAC,-105,sbro,1,1.9523809523809523
2021-07-01,ATL,165,sbro,1,2.65
2021-07-01,MIL,-185,sbro,1,1.5405405405405406
2021-07-03,MIL,140,sbro,1,2.4
2021-07-03,ATL,-160,sbro,1,1.625
2021-07-06,MIL,190,sbro,1,2.9
2021-07-06,PHO,-220,sbro,1,1.4545454545454546
2021-07-08,MIL,160,sbro,1,2.6
2021-07-08,PHO,-180,sbro,1,1.5555555555555556
