date,away_abbr,away_pts,home_abbr,home_pts,playoff_game
20111225,BOS,104,NYK,106,0
20111225,MIA,105,DAL,94,0
20111225,CHI,88,LAL,87,0
20111225,ORL,89,OKC,97,0
20111225,LAC,105,GSW,86,0
20111226,TOR,104,CLE,96,0
20111226,NJN,90,WAS,84,0
20111226,HOU,95,ORL,104,0
20111226,DET,79,IND,91,0
20111226,MIL,95,CHA,96,0
20111226,OKC,104,MIN,100,0
20111226,DEN,115,DAL,93,0
20111226,MEM,82,SAS,95,0
20111226,NOH,85,PHO,84,0
20111226,PHI,103,POR,107,0
20111226,LAL,91,SAC,100,0
20111226,CHI,91,GSW,99,0
20111227,ATL,106,NJN,70,0
20111227,BOS,107,MIA,115,0
20111227,MIN,95,MIL,98,0
20111227,SAC,79,POR,101,0
20111227,UTA,71,LAL,96,0
20111228,IND,90,TOR,85,0
20111228,MIA,96,CHA,95,0
20111228,WAS,83,ATL,101,0
20111228,CLE,105,DET,89,0
20111228,BOS,78,NOH,97,0
20111228,OKC,98,MEM,95,0
20111228,LAC,90,SAS,115,0
20111228,PHI,103,PHO,83,0
20111228,UTA,100,DEN,117,0
20111228,NYK,78,GSW,92,0
20111229,NJN,78,ORL,94,0
20111229,SAS,85,HOU,105,0
20111229,DAL,102,OKC,104,0
20111229,DEN,102,POR,111,0
20111229,CHI,108,SAC,98,0
20111229,NYK,82,LAL,99,0
20111230,ORL,100,CHA,79,0
20111230,CLE,91,IND,98,0
20111230,NJN,98,ATL,105,0
20111230,DET,85,BOS,96,0
20111230,PHO,93,NOH,78,0
20111230,HOU,93,MEM,113,0
20111230,MIA,103,MIN,101,0
20111230,TOR,86,DAL,99,0
20111230,WAS,81,MIL,102,0
20111230,PHI,99,UTA,102,0
20111230,CHI,114,LAC,101,0
20111231,DEN,89,LAL,92,0
20111231,IND,88,DET,96,0
20111231,ATL,84,HOU,95,0
20111231,PHO,97,OKC,107,0
20111231,NYK,114,SAC,92,0
20111231,UTA,89,SAS,104,0
20111231,PHI,107,GSW,79,0
20120101,NJN,82,CLE,98,0
20120101,CHA,90,MIA,129,0
20120101,TOR,96,ORL,102,0
20120101,BOS,94,WAS,86,0
20120101,DAL,82,MIN,99,0
20120101,MEM,64,CHI,104,0
20120101,LAL,90,DEN,99,0
20120101,NOH,80,SAC,96,0
20120101,POR,88,LAC,93,0
20120102,GSW,91,PHO,102,0
20120102,WAS,92,BOS,100,0
20120102,ORL,78,DET,89,0
20120102,ATL,100,MIA,92,0
20120102,IND,108,NJN,94,0
20120102,TOR,90,NYK,85,0
20120102,SAS,96,MIN,106,0
20120102,OKC,87,DAL,100,0
20120102,MIL,86,DEN,91,0
20120102,NOH,90,UTA,94,0
20120103,CHA,101,CLE,115,0
20120103,ATL,74,CHI,76,0
20120103,SAC,96,MEM,113,0
20120103,POR,103,OKC,93,0
20120103,MIL,73,UTA,85,0
20120103,HOU,99,LAL,108,0
20120104,WAS,85,ORL,103,0
20120104,CLE,77,TOR,92,0
20120104,NJN,70,BOS,89,0
20120104,CHI,99,DET,83,0
20120104,IND,83,MIA,118,0
20120104,CHA,118,NYK,110,0
20120104,MEM,90,MIN,86,0
20120104,PHI,101,NOH,93,0
20120104,PHO,89,DAL,98,0
20120104,GSW,95,SAS,101,0
20120104,SAC,83,DEN,110,0
20120104,HOU,89,LAC,117,0
20120105,MIA,116,ATL,109,0
20120105,DAL,71,SAS,93,0
20120105,MIL,100,SAC,103,0
20120105,LAL,96,POR,107,0
20120106,ATL,102,CHA,96,0
20120106,DET,73,PHI,96,0
20120106,NJN,97,TOR,85,0
20120106,NYK,99,WAS,96,0
20120106,IND,87,BOS,74,0
20120106,CLE,98,MIN,87,0
20120106,DEN,96,NOH,88,0
20120106,HOU,94,OKC,109,0
20120106,CHI,97,ORL,83,0
20120106,MEM,85,UTA,94,0
20120106,GSW,90,LAL,97,0
20120106,POR,77,PHO,102,0
20120107,CHI,94,ATL,109,0
20120107,CHA,77,IND,99,0
20120107,NYK,103,DET,80,0
20120107,MIA,101,NJN,90,0
20120107,OKC,98,HOU,95,0
20120107,TOR,62,PHI,97,0
20120107,DEN,117,SAS,121,0
20120107,NOH,81,DAL,96,0
20120107,UTA,88,GSW,87,0
20120107,MIL,86,LAC,92,0
20120108,MIN,93,WAS,72,0
20120108,ORL,104,SAC,97,0
20120108,SAS,96,OKC,108,0
20120108,MIL,93,PHO,109,0
20120108,CLE,78,POR,98,0
20120108,MEM,82,LAL,90,0
20120109,IND,86,PHI,96,0
20120109,MIN,87,TOR,97,0
20120109,ATL,106,NJN,101,0
20120109,CHA,87,NYK,91,0
20120109,DET,68,CHI,92,0
20120109,NOH,94,DEN,81,0
20120110,HOU,82,CHA,70,0
20120110,SAC,85,PHI,112,0
20120110,TOR,78,WAS,93,0
20120110,DAL,100,DET,86,0
20120110,OKC,100,MEM,95,0
20120110,SAS,103,MIL,106,0
20120110,CHI,111,MIN,100,0
20120110,CLE,105,UTA,113,0
20120110,LAC,97,POR,105,0
20120110,MIA,106,GSW,111,0
20120110,PHO,83,LAL,99,0
20120111,ATL,84,IND,96,0
20120111,SAC,98,TOR,91,0
20120111,PHI,79,NYK,85,0
20120111,DAL,90,BOS,85,0
20120111,WAS,64,CHI,78,0
20120111,OKC,95,NOH,85,0
20120111,HOU,95,SAS,101,0
20120111,NJN,115,DEN,123,0
20120111,LAL,90,UTA,87,0
20120111,ORL,107,POR,104,0
20120111,MIA,89,LAC,95,0
20120112,CHA,81,ATL,111,0
20120112,NYK,83,MEM,94,0
20120112,DET,93,MIL,102,0
20120112,CLE,101,PHO,90,0
20120112,ORL,117,GSW,109,0
20120113,DET,98,CHA,81,0
20120113,WAS,89,PHI,120,0
20120113,IND,95,TOR,90,0
20120113,CHI,88,BOS,79,0
20120113,SAC,89,HOU,103,0
20120113,MIN,87,NOH,80,0
20120113,MIL,76,DAL,102,0
20120113,POR,83,SAS,99,0
20120113,NJN,110,PHO,103,0
20120113,MIA,104,DEN,117,0
20120113,CLE,92,LAL,97,0
20120114,MIN,91,ATL,93,0
20120114,GSW,100,CHA,112,0
20120114,BOS,83,IND,97,0
20120114,PHI,103,WAS,90,0
20120114,TOR,64,CHI,77,0
20120114,POR,105,HOU,107,0
20120114,NOH,99,MEM,108,0
20120114,NYK,92,OKC,104,0
20120114,SAC,60,DAL,99,0
20120114,NJN,94,UTA,107,0
20120114,LAL,94,LAC,102,0
20120115,GSW,99,DET,91,0
20120115,UTA,106,DEN,96,0
20120115,PHO,91,SAS,102,0
20120116,CHI,86,MEM,102,0
20120116,ORL,102,NYK,93,0
20120116,CLE,102,CHA,94,0
20120116,MIL,82,PHI,94,0
20120116,HOU,114,WAS,106,0
20120116,POR,84,NOH,77,0
20120116,NJN,91,LAC,101,0
20120116,TOR,84,ATL,93,0
20120116,OKC,97,BOS,88,0
20120116,SAC,86,MIN,99,0
20120116,DAL,70,LAL,73,0
20120117,GSW,105,CLE,95,0
20120117,CHA,89,ORL,96,0
20120117,SAS,98,MIA,120,0
20120117,PHO,97,CHI,118,0
20120117,DET,80,HOU,97,0
20120117,DEN,105,MIL,95,0
20120117,LAC,79,UTA,108,0
20120118,SAS,85,ORL,83,0
20120118,DEN,108,PHI,104,0
20120118,OKC,102,WAS,105,0
20120118,TOR,73,BOS,96,0
20120118,GSW,100,NJN,107,0
20120118,PHO,91,NYK,88,0
20120118,POR,89,ATL,92,0
20120118,DET,85,MIN,93,0
20120118,MEM,93,NOH,87,0
20120118,IND,88,SAC,92,0
20120118,DAL,89,LAC,91,0
20120119,NOH,88,HOU,90,0
20120119,LAL,87,MIA,98,0
20120119,DAL,94,UTA,91,0
20120120,ATL,76,PHI,90,0
20120120,POR,94,TOR,84,0
20120120,DEN,108,WAS,104,0
20120120,PHO,79,BOS,71,0
20120120,CHI,114,CLE,75,0
20120120,MEM,98,DET,81,0
20120120,MIL,100,NYK,86,0
20120120,LAL,80,ORL,92,0
20120120,SAC,88,SAS,86,0
20120120,IND,94,GSW,91,0
20120120,MIN,101,LAC,98,0
20120121,CLE,94,ATL,121,0
20120121,POR,91,DET,94,0
20120121,PHI,92,MIA,113,0
20120121,DEN,119,NYK,114,0
20120121,CHA,89,CHI,95,0
20120121,SAS,102,HOU,105,0
20120121,SAC,95,MEM,128,0
20120121,OKC,84,NJN,74,0
20120121,DAL,83,NOH,81,0
20120121,MIN,98,UTA,108,0
20120122,BOS,100,WAS,94,0
20120122,TOR,91,LAC,103,0
20120122,MIL,91,MIA,82,0
20120122,CHA,87,NJN,97,0
20120122,IND,98,LAL,96,0
20120123,WAS,83,PHI,103,0
20120123,ORL,56,BOS,87,0
20120123,NJN,95,CHI,110,0
20120123,ATL,97,MIL,92,0
20120123,HOU,107,MIN,92,0
20120123,SAS,104,NOH,102,0
20120123,DET,79,OKC,99,0
20120123,PHO,87,DAL,93,0
20120123,SAC,89,POR,101,0
20120123,MEM,91,GSW,90,0
20120124,NYK,111,CHA,78,0
20120124,ORL,102,IND,83,0
20120124,CLE,85,MIA,92,0
20120124,TOR,99,PHO,96,0
20120124,MEM,84,POR,97,0
20120125,NYK,81,CLE,91,0
20120125,NJN,97,PHI,90,0
20120125,CHA,75,WAS,92,0
20120125,MIA,101,DET,98,0
20120125,IND,95,CHI,90,0
20120125,MIL,105,HOU,99,0
20120125,NOH,91,OKC,101,0
20120125,MIN,105,DAL,90,0
20120125,ATL,83,SAS,105,0
20120125,TOR,111,UTA,106,0
20120125,DEN,122,SAC,93,0
20120125,POR,93,GSW,101,0
20120125,LAC,91,LAL,96,0
20120126,BOS,91,ORL,83,0
20120126,MEM,91,LAC,98,0
20120127,CHA,72,PHI,89,0
20120127,IND,87,BOS,94,0
20120127,NJN,99,CLE,96,0
20120127,ATL,107,DET,101,0
20120127,MIL,100,CHI,107,0
20120127,WAS,76,HOU,103,0
20120127,NYK,89,MIA,99,0
20120127,SAS,79,MIN,87,0
20120127,ORL,67,NOH,93,0
20120127,UTA,101,DAL,116,0
20120127,TOR,81,DEN,96,0
20120127,PHO,71,POR,109,0
20120127,OKC,120,GSW,109,0
20120128,WAS,102,CHA,99,0
20120128,DET,74,PHI,95,0
20120128,NYK,84,HOU,97,0
20120128,LAL,89,MIL,100,0
20120128,MEM,84,PHO,86,0
20120128,SAC,93,UTA,96,0
20120129,CHI,93,MIA,97,0
20120129,CLE,88,BOS,87,0
20120129,TOR,94,NJN,73,0
20120129,IND,106,ORL,85,0
20120129,SAS,100,DAL,101,0
20120129,LAL,106,MIN,101,0
20120129,ATL,94,NOH,72,0
20120129,LAC,109,DEN,105,0
20120130,ORL,69,PHI,74,0
20120130,CHI,98,WAS,88,0
20120130,NOH,95,MIA,109,0
20120130,MIN,120,HOU,108,0
20120130,SAS,83,MEM,73,0
20120130,DET,82,MIL,103,0
20120130,DAL,122,PHO,99,0
20120130,POR,89,UTA,93,0
20120130,OKC,100,LAC,112,0
20120131,BOS,93,CLE,90,0
20120131,NJN,99,IND,106,0
20120131,ATL,100,TOR,77,0
20120131,DET,86,NYK,113,0
20120131,DEN,97,MEM,100,0
20120131,SAC,90,GSW,93,0
20120131,CHA,73,LAL,106,0
20120201,WAS,103,ORL,109,0
20120201,CHI,82,PHI,98,0
20120201,TOR,64,BOS,100,0
20120201,DET,96,NJN,99,0
20120201,OKC,95,DAL,86,0
20120201,MIA,97,MIL,105,0
20120201,IND,109,MIN,99,0
20120201,PHO,120,NOH,103,0
20120201,HOU,91,SAS,99,0
20120201,CHA,68,POR,112,0
20120201,LAC,107,UTA,105,0
20120202,MEM,96,ATL,77,0
20120202,CHI,105,NYK,102,0
20120202,NOH,81,SAS,93,0
20120202,POR,92,SAC,95,0
20120202,UTA,101,GSW,119,0
20120202,DEN,112,LAC,91,0
20120203,CLE,94,ORL,102,0
20120203,MIA,99,PHI,79,0
20120203,WAS,89,TOR,106,0
20120203,MIL,80,DET,88,0
20120203,MIN,108,NJN,105,0
20120203,NYK,89,BOS,91,0
20120203,PHO,81,HOU,99,0
20120203,MEM,94,OKC,101,0
20120203,IND,98,DAL,87,0
20120203,LAL,93,DEN,89,0
20120204,PHI,98,ATL,87,0
20120204,ORL,85,IND,81,0
20120204,LAC,107,WAS,81,0
20120204,DAL,88,CLE,91,0
20120204,NOH,87,DET,89,0
20120204,NJN,92,NYK,99,0
20120204,HOU,91,MIN,100,0
20120204,CHI,113,MIL,90,0
20120204,OKC,96,SAS,107,0
20120204,CHA,89,PHO,95,0
20120204,LAL,87,UTA,96,0
20120204,DEN,97,POR,117,0
20120204,GSW,106,SAC,114,0
20120205,MEM,80,BOS,98,0
20120205,TOR,89,MIA,95,0
20120206,LAC,107,ORL,102,0
20120206,LAL,90,PHI,95,0
20120206,TOR,108,WAS,111,0
20120206,PHO,99,ATL,90,0
20120206,CHI,108,NJN,87,0
20120206,UTA,88,NYK,99,0
20120206,SAS,89,MEM,84,0
20120206,SAC,100,NOH,92,0
20120206,HOU,99,DEN,90,0
20120206,OKC,111,POR,107,0
20120207,UTA,99,IND,104,0
20120207,CHA,84,BOS,94,0
20120207,CLE,91,MIA,107,0
20120207,PHO,107,MIL,105,0
20120207,SAC,84,MIN,86,0
20120207,OKC,119,GSW,116,0
20120208,LAC,92,CLE,99,0
20120208,MIA,89,ORL,102,0
20120208,SAS,100,PHI,90,0
20120208,MIL,105,TOR,99,0
20120208,NYK,107,WAS,93,0
20120208,IND,87,ATL,97,0
20120208,DET,99,NJN,92,0
20120208,MIN,80,MEM,85,0
20120208,CHI,90,NOH,67,0
20120208,DAL,105,DEN,95,0
20120208,HOU,103,POR,96,0
20120209,LAL,88,BOS,87,0
20120209,GSW,109,DEN,101,0
20120209,HOU,96,PHO,89,0
20120209,OKC,101,SAC,106,0
20120210,CHI,95,CHA,64,0
20120210,ATL,89,ORL,87,0
20120210,LAC,78,PHI,77,0
20120210,BOS,74,TOR,86,0
20120210,MIA,106,WAS,89,0
20120210,MIL,113,CLE,112,0
20120210,NJN,92,DET,109,0
20120210,IND,92,MEM,98,0
20120210,DAL,104,MIN,97,0
20120210,POR,94,NOH,86,0
20120210,LAL,85,NYK,92,0
20120210,OKC,101,UTA,87,0
20120211,LAC,111,CHA,86,0
20120211,DEN,113,IND,109,0
20120211,PHI,99,CLE,84,0
20120211,NYK,100,MIN,98,0
20120211,SAS,103,NJN,89,0
20120211,POR,94,DAL,97,0
20120211,ORL,99,MIL,94,0
20120211,PHO,98,SAC,84,0
20120212,LAL,94,TOR,92,0
20120212,CHI,91,BOS,95,0
20120212,WAS,98,DET,77,0
20120212,MIA,107,ATL,87,0
20120212,HOU,97,GSW,106,0
20120212,UTA,98,MEM,88,0
20120213,PHI,98,CHA,89,0
20120213,MIN,89,ORL,102,0
20120213,MIA,114,MIL,96,0
20120213,UTA,80,NOH,86,0
20120213,LAC,92,DAL,96,0
20120213,PHO,96,GSW,102,0
20120214,MIA,105,IND,90,0
20120214,NYK,90,TOR,87,0
20120214,SAS,99,DET,95,0
20120214,SAC,115,CHI,121,0
20120214,HOU,83,MEM,93,0
20120214,UTA,85,OKC,111,0
20120214,PHO,92,DEN,109,0
20120214,WAS,124,POR,109,0
20120214,ATL,78,LAL,86,0
20120215,PHI,87,ORL,103,0
20120215,SAS,113,TOR,106,0
20120215,DET,98,BOS,88,0
20120215,IND,87,CLE,98,0
20120215,MEM,105,NJN,100,0
20120215,SAC,85,NYK,100,0
20120215,OKC,95,HOU,96,0
20120215,NOH,92,MIL,89,0
20120215,CHA,90,MIN,102,0
20120215,DEN,84,DAL,102,0
20120215,ATL,101,PHO,99,0
20120215,POR,93,GSW,91,0
20120215,WAS,84,LAC,102,0
20120216,NJN,88,IND,93,0
20120216,BOS,80,CHI,89,0
20120216,LAC,74,POR,71,0
20120217,MIL,85,ORL,94,0
20120217,CHA,98,TOR,91,0
20120217,MIA,111,CLE,87,0
20120217,SAC,108,DET,114,0
20120217,MIN,111,HOU,98,0
20120217,DEN,102,MEM,103,0
20120217,NOH,89,NYK,85,0
20120217,GSW,87,OKC,110,0
20120217,DAL,82,PHI,75,0
20120217,WAS,100,UTA,114,0
20120217,PHO,99,LAL,111,0
20120218,SAS,103,LAC,100,0
20120218,NJN,97,CHI,85,0
20120218,GSW,103,MEM,104,0
20120218,ATL,77,POR,97,0
20120219,DAL,97,NYK,104,0
20120219,ORL,78,MIA,90,0
20120219,SAC,92,CLE,93,0
20120219,BOS,81,DET,96,0
20120219,CHA,73,IND,108,0
20120219,UTA,85,HOU,101,0
20120219,PHI,91,MIN,92,0
20120219,MIL,92,NJN,85,0
20120219,DEN,118,OKC,124,0
20120219,LAL,90,PHO,102,0
20120220,ATL,79,CHI,90,0
20120220,NJN,100,NYK,92,0
20120220,BOS,73,DAL,89,0
20120220,MEM,93,HOU,97,0
20120220,ORL,93,MIL,90,0
20120220,NOH,93,OKC,101,0
20120220,MIN,101,DEN,103,0
20120220,WAS,88,PHO,104,0
20120220,SAS,106,UTA,102,0
20120220,LAC,97,GSW,104,0
20120220,POR,92,LAL,103,0
20120221,DET,100,CLE,101,0
20120221,NOH,108,IND,117,0
20120221,SAC,108,MIA,120,0
20120221,PHI,76,MEM,89,0
20120221,SAS,97,POR,137,0
20120222,IND,102,CHA,88,0
20120222,NOH,89,CLE,84,0
20120222,BOS,104,OKC,119,0
20120222,DET,93,TOR,103,0
20120222,SAC,115,WAS,107,0
20120222,ORL,108,NJN,91,0
20120222,ATL,82,NYK,99,0
20120222,MIL,91,CHI,110,0
20120222,PHI,87,HOU,93,0
20120222,UTA,98,MIN,100,0
20120222,GSW,106,PHO,104,0
20120222,LAL,96,DAL,91,0
20120222,DEN,95,LAC,103,0
20120223,NYK,88,MIA,102,0
20120223,ORL,78,ATL,83,0
20120223,SAS,114,DEN,99,0
20120223,LAL,85,OKC,100,0
20120228,BOS,86,CLE,83,0
20120228,GSW,78,IND,102,0
20120228,PHI,97,DET,68,0
20120228,NOH,95,CHI,99,0
20120228,TOR,85,HOU,88,0
20120228,WAS,118,MIL,119,0
20120228,NJN,93,DAL,92,0
20120228,UTA,96,SAC,103,0
20120228,MIN,109,LAC,97,0
20120229,OKC,92,PHI,88,0
20120229,ORL,102,WAS,95,0
20120229,GSW,85,ATL,82,0
20120229,MIL,96,BOS,102,0
20120229,CHA,94,DET,109,0
20120229,CLE,103,NYK,120,0
20120229,DAL,85,MEM,96,0
20120229,TOR,95,NOH,84,0
20120229,POR,95,DEN,104,0
20120229,CHI,96,SAS,89,0
20120229,HOU,83,UTA,104,0
20120229,MIN,85,LAL,104,0
20120301,OKC,105,ORL,102,0
20120301,MIN,95,PHO,104,0
20120301,LAC,108,SAC,100,0
20120301,MIA,107,POR,93,0
20120302,MEM,102,TOR,99,0
20120302,MIL,94,ATL,99,0
20120302,NJN,94,BOS,107,0
20120302,CHI,112,CLE,91,0
20120302,DEN,117,HOU,105,0
20120302,DAL,92,NOH,97,0
20120302,GSW,83,PHI,105,0
20120302,CHA,72,SAS,102,0
20120302,MIA,98,UTA,99,0
20120302,SAC,107,LAL,115,0
20120302,LAC,78,PHO,81,0
20120303,OKC,90,ATL,97,0
20120303,MIL,98,ORL,114,0
20120303,CLE,98,WAS,101,0
20120303,DET,83,MEM,100,0
20120303,IND,102,NOH,84,0
20120303,UTA,96,DAL,102,0
20120303,MIN,122,POR,110,0
20120304,NYK,111,BOS,115,0
20120304,MIA,83,LAL,93,0
20120304,NJN,104,CHA,101,0
20120304,GSW,75,TOR,83,0
20120304,LAC,105,HOU,103,0
20120304,CHI,96,PHI,91,0
20120304,SAC,88,PHO,96,0
20120304,DEN,99,SAS,94,0
20120305,UTA,109,CLE,100,0
20120305,ORL,92,TOR,88,0
20120305,GSW,120,WAS,100,0
20120305,IND,72,CHI,92,0
20120305,PHI,93,MIL,97,0
20120305,LAC,94,MIN,95,0
20120305,DAL,91,OKC,95,0
20120305,SAC,116,DEN,119,0
20120305,NOH,74,POR,86,0
20120306,ORL,84,CHA,100,0
20120306,ATL,101,IND,96,0
20120306,HOU,92,BOS,97,0
20120306,LAL,85,DET,88,0
20120306,NJN,78,MIA,108,0
20120306,NYK,85,DAL,95,0
20120307,UTA,99,CHA,93,0
20120307,BOS,71,PHI,103,0
20120307,HOU,98,TOR,116,0
20120307,LAL,101,WAS,106,0
20120307,ATL,86,MIA,89,0
20120307,CHI,106,MIL,104,0
20120307,POR,94,MIN,106,0
20120307,LAC,100,NJN,101,0
20120307,PHO,104,OKC,115,0
20120307,NYK,105,SAS,118,0
20120307,CLE,100,DEN,99,0
20120307,NOH,98,SAC,99,0
20120307,MEM,110,GSW,92,0
20120308,ORL,99,CHI,94,0
20120308,DAL,94,PHO,96,0
20120309,NJN,83,CHA,74,0
20120309,UTA,91,PHI,104,0
20120309,POR,86,BOS,104,0
20120309,ATL,85,DET,86,0
20120309,LAL,105,MIN,102,0
20120309,CLE,96,OKC,90,0
20120309,NYK,114,MIL,119,0
20120309,LAC,120,SAS,108,0
20120309,NOH,97,DEN,110,0
20120309,DAL,97,SAC,110,0
20120310,POR,110,WAS,99,0
20120310,TOR,86,DET,105,0
20120310,IND,91,MIA,93,0
20120310,UTA,97,CHI,111,0
20120310,NOH,95,MIN,89,0
20120310,HOU,112,NJN,106,0
20120310,CHA,95,OKC,122,0
20120310,MEM,91,PHO,98,0
20120310,DAL,87,GSW,111,0
20120311,PHI,106,NYK,94,0
20120311,BOS,94,LAL,97,0
20120311,HOU,107,CLE,118,0
20120311,IND,94,ORL,107,0
20120311,MIL,105,TOR,99,0
20120311,MEM,94,DEN,91,0
20120311,ATL,106,SAC,99,0
20120311,GSW,97,LAC,93,0
20120312,MIL,105,NJN,99,0
20120312,NYK,99,CHI,104,0
20120312,CHA,73,NOH,71,0
20120312,WAS,97,SAS,112,0
20120312,DET,90,UTA,105,0
20120312,MIN,127,PHO,124,0
20120312,BOS,94,LAC,85,0
20120313,TOR,96,CLE,88,0
20120313,POR,75,IND,92,0
20120313,MIA,98,ORL,104,0
20120313,LAL,116,MEM,111,0
20120313,HOU,104,OKC,103,0
20120313,WAS,98,DAL,107,0
20120313,ATL,117,DEN,118,0
20120313,GSW,115,SAC,89,0
20120314,PHI,94,IND,111,0
20120314,TOR,84,NJN,98,0
20120314,POR,79,NYK,121,0
20120314,CHA,87,HOU,107,0
20120314,CLE,105,MIL,115,0
20120314,LAL,107,NOH,101,0
20120314,ORL,111,SAS,122,0
20120314,MIA,102,CHI,106,0
20120314,DET,124,SAC,112,0
20120314,BOS,105,GSW,103,0
20120314,ATL,82,LAC,96,0
20120314,UTA,111,PHO,120,0
20120315,WAS,99,NOH,89,0
20120315,CHA,96,DAL,101,0
20120315,OKC,103,DEN,90,0
20120315,MIN,105,UTA,111,0
20120315,PHO,91,LAC,87,0
20120316,NJN,70,ORL,86,0
20120316,MIA,84,PHI,78,0
20120316,WAS,88,ATL,102,0
20120316,IND,100,NYK,115,0
20120316,POR,100,CHI,89,0
20120316,TOR,114,MEM,110,0
20120316,SAS,114,OKC,105,0
20120316,DET,101,PHO,109,0
20120316,BOS,95,SAC,120,0
20120316,MIL,120,GSW,98,0
20120316,MIN,92,LAL,97,0
20120317,HOU,91,LAC,95,0
20120317,TOR,103,CHA,107,0
20120317,NYK,102,IND,88,0
20120317,PHI,80,CHI,89,0
20120317,NOH,102,NJN,94,0
20120317,SAS,99,DAL,106,0
20120317,BOS,91,DEN,98,0
20120317,GSW,92,UTA,99,0
20120318,ATL,103,CLE,87,0
20120318,DET,83,LAC,87,0
20120318,WAS,92,MEM,97,0
20120318,MIN,99,SAC,115,0
20120318,ORL,81,MIA,91,0
20120318,HOU,86,PHO,99,0
20120318,UTA,103,LAL,99,0
20120318,POR,95,OKC,111,0
20120319,PHI,105,CHA,80,0
20120319,BOS,79,ATL,76,0
20120319,CLE,105,NJN,100,0
20120319,CHI,85,ORL,59,0
20120319,DAL,112,DEN,95,0
20120319,MIN,97,GSW,93,0
20120320,LAC,89,IND,102,0
20120320,PHO,95,MIA,99,0
20120320,TOR,87,NYK,106,0
20120320,LAL,104,HOU,107,0
20120320,OKC,90,UTA,97,0
20120320,MIL,116,POR,87,0
20120320,MEM,110,SAC,119,0
20120321,PHO,93,ORL,103,0
20120321,NYK,82,PHI,79,0
20120321,CHI,94,TOR,82,0
20120321,CLE,102,ATL,103,0
20120321,WAS,108,NJN,89,0
20120321,GSW,101,NOH,92,0
20120321,LAC,91,OKC,114,0
20120321,MIN,100,SAS,116,0
20120321,DET,115,DEN,116,0
20120321,LAL,109,DAL,93,0
20120322,IND,85,WAS,83,0
20120322,GSW,83,HOU,109,0
20120322,BOS,100,MIL,91,0
20120322,LAC,90,NOH,97,0
20120322,MEM,93,POR,97,0
20120322,UTA,103,SAC,102,0
20120323,MIL,112,CHA,92,0
20120323,PHO,113,IND,111,0
20120323,CLE,80,ORL,93,0
20120323,NYK,79,TOR,96,0
20120323,NJN,84,ATL,93,0
20120323,MIA,88,DET,73,0
20120323,MIN,140,OKC,149,0
20120323,BOS,86,PHI,99,0
20120323,DAL,87,SAS,104,0
20120323,POR,96,LAL,103,0
20120323,DEN,102,UTA,121,0
20120324,MEM,85,LAC,101,0
20120324,ATL,95,WAS,92,0
20120324,CHA,89,NJN,102,0
20120324,DET,79,NYK,101,0
20120324,TOR,101,CHI,102,0
20120324,DAL,101,HOU,99,0
20120324,SAS,89,NOH,86,0
20120324,IND,125,MIL,104,0
20120324,SAC,108,GSW,111,0
20120325,PHO,108,CLE,83,0
20120325,DEN,100,MIN,117,0
20120325,UTA,133,ATL,139,0
20120325,WAS,76,BOS,88,0
20120325,PHI,76,SAS,93,0
20120325,MIA,87,OKC,103,0
20120325,GSW,87,POR,90,0
20120325,MEM,102,LAL,96,0
20120326,BOS,102,CHA,95,0
20120326,MIA,90,IND,105,0
20120326,ORL,117,TOR,101,0
20120326,DET,79,WAS,77,0
20120326,UTA,105,NJN,84,0
20120326,MIL,80,NYK,89,0
20120326,DEN,108,CHI,91,0
20120326,SAC,106,HOU,113,0
20120326,NOH,85,LAC,97,0
20120327,CLE,85,PHI,103,0
20120327,MIN,86,MEM,93,0
20120327,ATL,101,MIL,108,0
20120327,HOU,81,DAL,90,0
20120327,SAS,107,PHO,100,0
20120327,OKC,109,POR,95,0
20120327,LAL,104,GSW,101,0
20120328,MIN,88,CHA,83,0
20120328,DET,87,CLE,75,0
20120328,ORL,86,NYK,108,0
20120328,DEN,96,TOR,105,0
20120328,CHI,98,ATL,77,0
20120328,UTA,82,BOS,94,0
20120328,IND,84,NJN,100,0
20120328,SAS,117,SAC,112,0
20120328,NOH,102,GSW,87,0
20120328,PHO,86,LAC,103,0
20120329,WAS,89,IND,93,0
20120329,DAL,85,MIA,106,0
20120329,NOH,93,POR,99,0
20120329,OKC,102,LAL,93,0
20120330,DEN,99,CHA,88,0
20120330,MIA,113,TOR,101,0
20120330,PHI,76,WAS,97,0
20120330,NYK,90,ATL,100,0
20120330,MIL,121,CLE,84,0
20120330,DET,71,CHI,83,0
20120330,MEM,89,HOU,98,0
20120330,BOS,100,MIN,79,0
20120330,DAL,100,ORL,98,0
20120330,SAC,104,UTA,103,0
20120330,NJN,102,GSW,100,0
20120330,POR,97,LAC,98,0
20120331,NOH,85,LAL,88,0
20120331,CHA,107,DET,110,0
20120331,CLE,75,NYK,91,0
20120331,ATL,90,PHI,95,0
20120331,MEM,99,MIL,95,0
20120331,IND,103,SAS,112,0
20120331,NJN,111,SAC,99,0
20120331,UTA,96,LAC,105,0
20120401,CHI,78,OKC,92,0
20120401,MIA,72,BOS,91,0
20120401,DEN,104,ORL,101,0
20120401,WAS,92,TOR,99,0
20120401,IND,104,HOU,102,0
20120401,NOH,75,PHO,92,0
20120401,MIN,106,POR,119,0
20120401,GSW,112,LAL,120,0
20120402,MIL,112,WAS,98,0
20120402,HOU,99,CHI,93,0
20120402,MEM,94,OKC,88,0
20120402,LAC,94,DAL,75,0
20120402,UTA,102,POR,97,0
20120402,MIN,108,SAC,116,0
20120403,SAS,125,CLE,90,0
20120403,NYK,104,IND,112,0
20120403,CHA,87,TOR,92,0
20120403,ORL,95,DET,102,0
20120403,PHI,93,MIA,99,0
20120403,GSW,94,MEM,98,0
20120403,PHO,109,SAC,100,0
20120403,NJN,87,LAL,91,0
20120404,TOR,99,PHI,78,0
20120404,IND,109,WAS,96,0
20120404,CHA,93,ATL,120,0
20120404,SAS,87,BOS,86,0
20120404,OKC,93,MIA,98,0
20120404,CLE,98,MIL,107,0
20120404,GSW,97,MIN,94,0
20120404,DEN,92,NOH,94,0
20120404,MEM,85,DAL,95,0
20120404,PHO,107,UTA,105,0
20120404,NJN,88,POR,101,0
20120404,LAL,113,LAC,108,0
20120405,NYK,96,ORL,80,0
20120405,WAS,94,DET,99,0
20120405,BOS,86,CHI,93,0
20120405,LAC,93,SAC,85,0
20120406,OKC,98,IND,103,0
20120406,DET,96,ATL,101,0
20120406,MEM,97,MIA,82,0
20120406,WAS,98,NJN,110,0
20120406,CLE,84,TOR,80,0
20120406,POR,99,DAL,97,0
20120406,CHA,90,MIL,95,0
20120406,NOH,103,SAS,128,0
20120406,PHO,99,DEN,105,0
20120406,GSW,98,UTA,104,0
20120406,HOU,112,LAL,107,0
20120407,BOS,86,IND,72,0
20120407,ATL,116,CHA,96,0
20120407,DAL,89,MEM,94,0
20120407,MIN,90,NOH,99,0
20120407,ORL,88,PHI,82,0
20120407,POR,94,MIL,116,0
20120407,LAL,105,PHO,125,0
20120407,DEN,97,GSW,112,0
20120407,SAC,94,LAC,109,0
20120408,CHI,99,NYK,100,0
20120408,PHI,79,BOS,103,0
20120408,DET,75,MIA,98,0
20120408,CLE,117,NJN,122,0
20120408,TOR,75,OKC,91,0
20120408,UTA,104,SAS,114,0
20120408,HOU,104,SAC,87,0
20120409,WAS,113,CHA,85,0
20120409,TOR,98,IND,103,0
20120409,DET,89,ORL,119,0
20120409,LAC,85,MEM,94,0
20120409,OKC,109,MIL,89,0
20120409,LAL,93,NOH,91,0
20120409,GSW,84,DEN,123,0
20120409,PHO,114,MIN,90,0
20120409,SAS,84,UTA,91,0
20120409,HOU,94,POR,89,0
20120410,CHA,90,CLE,103,0
20120410,BOS,115,MIA,107,0
20120410,ORL,85,WAS,93,0
20120410,PHI,107,NJN,88,0
20120410,SAC,100,DAL,110,0
20120410,NYK,86,CHI,98,0
20120411,IND,104,CLE,98,0
20120411,PHI,93,TOR,75,0
20120411,ATL,86,BOS,88,0
20120411,UTA,103,HOU,91,0
20120411,PHO,93,MEM,104,0
20120411,NYK,111,MIL,107,0
20120411,SAC,96,NOH,105,0
20120411,LAC,100,OKC,98,0
20120411,LAL,98,SAS,84,0
20120411,MIN,107,DEN,113,0
20120411,GSW,110,POR,118,0
20120412,DET,109,CHA,85,0
20120412,MIA,86,CHI,96,0
20120412,LAC,95,MIN,82,0
20120412,MEM,97,SAS,107,0
20120412,DAL,112,GSW,103,0
20120413,CLE,83,IND,102,0
20120413,ATL,109,ORL,81,0
20120413,NJN,95,PHI,89,0
20120413,BOS,79,TOR,84,0
20120413,CHA,82,MIA,105,0
20120413,WAS,65,NYK,103,0
20120413,MIL,113,DET,97,0
20120413,PHO,112,HOU,105,0
20120413,UTA,85,NOH,96,0
20120413,SAC,89,OKC,115,0
20120413,DEN,97,LAL,103,0
20120413,DAL,97,POR,94,0
20120414,GSW,104,LAC,112,0
20120414,CLE,98,WAS,89,0
20120414,BOS,94,NJN,82,0
20120414,UTA,98,MEM,103,0
20120414,OKC,115,MIN,110,0
20120414,IND,105,MIL,99,0
20120414,PHO,91,SAS,105,0
20120415,MIA,93,NYK,85,0
20120415,DAL,108,LAL,112,0
20120415,TOR,102,ATL,86,0
20120415,BOS,94,CHA,82,0
20120415,ORL,100,CLE,84,0
20120415,CHI,100,DET,94,0
20120415,POR,103,SAC,104,0
20120415,MEM,75,NOH,88,0
20120415,HOU,86,DEN,101,0
20120416,NOH,75,CHA,67,0
20120416,MIN,88,IND,111,0
20120416,PHI,100,ORL,113,0
20120416,ATL,109,TOR,87,0
20120416,MIA,101,NJN,98,0
20120416,WAS,87,CHI,84,0
20120416,DEN,105,HOU,102,0
20120416,DAL,121,UTA,123,0
20120416,POR,107,PHO,125,0
20120416,SAS,120,GSW,99,0
20120416,OKC,77,LAC,92,0
20120417,IND,102,PHI,97,0
20120417,CLE,77,DET,116,0
20120417,MEM,91,MIN,84,0
20120417,BOS,110,NYK,118,0
20120417,SAS,112,LAL,91,0
20120418,CHI,100,CHA,68,0
20120418,PHI,103,CLE,87,0
20120418,MIL,112,WAS,121,0
20120418,DET,84,ATL,116,0
20120418,TOR,72,MIA,96,0
20120418,NYK,104,NJN,95,0
20120418,ORL,98,BOS,102,0
20120418,NOH,91,MEM,103,0
20120418,HOU,110,DAL,117,0
20120418,LAC,104,DEN,98,0
20120418,OKC,109,PHO,97,0
20120418,UTA,112,POR,91,0
20120418,SAS,127,SAC,102,0
20120418,LAL,99,GSW,87,0
20120419,MIL,109,IND,118,0
20120419,MIN,91,DET,80,0
20120419,CHI,72,MIA,83,0
20120419,HOU,99,NOH,105,0
20120419,LAC,90,PHO,93,0
20120420,BOS,92,ATL,97,0
20120420,MEM,85,CHA,80,0
20120420,NYK,90,CLE,98,0
20120420,GSW,94,DAL,104,0
20120420,LAL,97,SAS,121,0
20120420,OKC,103,SAC,92,0
20120421,DEN,118,PHO,107,0
20120421,PHI,109,IND,106,0
20120421,WAS,86,MIA,84,0
20120421,DAL,83,CHI,93,0
20120421,GSW,96,HOU,99,0
20120421,POR,89,MEM,93,0
20120421,NJN,95,MIL,106,0
20120421,ORL,107,UTA,117,0
20120422,NYK,113,ATL,112,0
20120422,OKC,106,LAL,114,0
20120422,SAC,114,CHA,88,0
20120422,TOR,73,DET,76,0
20120422,HOU,88,MIA,97,0
20120422,GSW,93,MIN,88,0
20120422,CLE,98,SAS,114,0
20120422,ORL,74,DEN,101,0
20120422,NOH,98,LAC,107,0
20120423,DET,97,IND,103,0
20120423,CHA,73,WAS,101,0
20120423,PHI,105,NJN,87,0
20120423,CLE,101,MEM,109,0
20120423,TOR,86,MIL,92,0
20120423,POR,89,SAS,124,0
20120424,LAC,102,ATL,109,0
20120424,MIA,66,BOS,78,0
20120424,SAC,110,OKC,118,0
20120424,NOH,83,GSW,81,0
20120424,PHO,88,UTA,100,0
20120425,WAS,96,CLE,85,0
20120425,CHI,92,IND,87,0
20120425,CHA,95,ORL,102,0
20120425,PHI,90,MIL,85,0
20120425,LAC,93,NYK,99,0
20120425,DEN,106,OKC,101,0
20120425,SAS,110,PHO,106,0
20120426,NJN,67,TOR,98,0
20120426,DAL,89,ATL,106,0
20120426,MIL,74,BOS,87,0
20120426,NYK,104,CHA,84,0
20120426,CLE,75,CHI,107,0
20120426,PHI,86,DET,108,0
20120426,NOH,77,HOU,84,0
20120426,ORL,76,MEM,88,0
20120426,DEN,131,MIN,102,0
20120426,POR,94,UTA,96,0
20120426,MIA,70,WAS,104,0
20120426,SAS,107,GSW,101,0
20120426,LAL,96,SAC,113,0
20120428,PHI,91,CHI,103,1
20120428,NYK,67,MIA,100,1
20120428,ORL,81,IND,77,1
20120428,DAL,98,OKC,99,1
20120429,UTA,91,SAS,106,1
20120429,DEN,88,LAL,103,1
20120429,BOS,74,ATL,83,1
20120429,LAC,99,MEM,98,1
20120430,NYK,94,MIA,104,1
20120430,ORL,78,IND,93,1
20120430,DAL,99,OKC,102,1
20120501,BOS,87,ATL,80,1
20120501,PHI,109,CHI,92,1
20120501,DEN,100,LAL,104,1
20120502,UTA,83,SAS,114,1
20120502,IND,97,ORL,74,1
20120502,LAC,98,MEM,105,1
20120503,MIA,87,NYK,70,1
20120503,OKC,95,DAL,79,1
20120504,ATL,84,BOS,90,1
20120504,CHI,74,PHI,79,1
20120504,LAL,84,DEN,99,1
20120505,IND,101,ORL,99,1
20120505,MEM,86,LAC,87,1
20120505,OKC,103,DAL,97,1
20120505,SAS,102,UTA,90,1
20120506,CHI,82,PHI,89,1
20120506,MIA,87,NYK,89,1
20120506,ATL,79,BOS,101,1
20120506,LAL,92,DEN,88,1
20120507,SAS,87,UTA,81,1
20120507,MEM,97,LAC,101,1
20120508,ORL,87,IND,105,1
20120508,BOS,86,ATL,87,1
20120508,PHI,69,CHI,77,1
20120508,DEN,102,LAL,99,1
20120509,NYK,94,MIA,106,1
20120509,LAC,80,MEM,92,1
20120510,CHI,78,PHI,79,1
20120510,ATL,80,BOS,83,1
20120510,LAL,96,DEN,113,1
20120511,MEM,90,LAC,88,1
20120512,PHI,91,BOS,92,1
20120512,DEN,87,LAL,96,1
20120513,LAC,82,MEM,72,1
20120513,IND,86,MIA,95,1
20120514,PHI,82,BOS,81,1
20120514,LAL,90,OKC,119,1
20120515,IND,78,MIA,75,1
20120515,LAC,92,SAS,108,1
20120516,BOS,107,PHI,91,1
20120516,LAL,75,OKC,77,1
20120517,MIA,75,IND,94,1
20120517,LAC,88,SAS,105,1
20120518,BOS,83,PHI,92,1
20120518,OKC,96,LAL,99,1
20120519,SAS,96,LAC,86,1
20120519,OKC,103,LAL,100,1
20120520,MIA,101,IND,93,1
20120520,SAS,102,LAC,99,1
20120521,PHI,85,BOS,101,1
20120521,LAL,90,OKC,106,1
20120522,IND,83,MIA,115,1
20120523,BOS,75,PHI,82,1
20120524,MIA,105,IND,93,1
20120526,PHI,75,BOS,85,1
20120527,OKC,98,SAS,101,1
20120528,BOS,79,MIA,93,1
20120529,OKC,111,SAS,120,1
20120530,BOS,111,MIA,115,1
20120531,SAS,82,OKC,102,1
20120601,MIA,91,BOS,101,1
20120602,SAS,103,OKC,109,1
20120603,MIA,91,BOS,93,1
20120604,OKC,108,SAS,103,1
20120605,BOS,94,MIA,90,1
20120606,SAS,99,OKC,107,1
20120607,MIA,98,BOS,79,1
20120609,BOS,88,MIA,101,1
20120612,MIA,94,OKC,105,1
20120614,MIA,100,OKC,96,1
20120617,OKC,85,MIA,91,1
20120619,OKC,98,MIA,104,1
20120621,OKC,106,MIA,121,1
